"genus_category","genus_number","species_name","scientific_name","description","identification_features","fun_fact","rarity","id","created_date","updated_date","created_by_id"
"Blumen","95","Gartenchrysantheme","Chrysanthemum indicum","Die Gartenchrysantheme ist eine beliebte Zierpflanze, die in zahlreichen Farben und Formen erhältlich ist. Sie wird häufig in Gärten und als Schnittblume verwendet und blüht typischerweise im Herbst.","Die Pflanze zeichnet sich durch ihre auffälligen, gefächerten Blütenköpfe und das grüne, gezackte Laub aus. Sie kann in verschiedenen Farben, einschließlich Gelb, Weiß, Rot und Pink, blühen.","Wusstest du, dass Chrysanthemen in Japan als Symbol für das Leben und die Freude angesehen werden? Sie sind so beliebt, dass es sogar einen Feiertag gibt, der den Chrysanthemen gewidmet ist!","Häufig","69837d18a0bd41c5926cc6c4","2026-02-04T17:08:40.942000","2026-02-04T17:08:40.942000","68ed5acb3c768a7480fef6a0"
"Blumen","69","Duft-Minze","Mentha suaveolens","Die Duft-Minze ist eine mehrjährige Pflanze, die durch ihre aromatischen Blätter besticht, die beim Zerreiben einen angenehmen Geruch verströmen. Sie wächst häufig in feuchten Wiesen und am Rande von Gewässern.","Die Pflanze hat behaarte, grüne Stängel und gegenständige Blätter, die oval und gezackt sind. Die Blüten sind meist rosa bis lila und in dichten, ährenförmigen Trauben angeordnet.","Die Duft-Minze wird oft in Tees verwendet und kann auch Kartoffeln oder Salate würzen!","Häufig","6971134f63049da0ad178b07","2026-01-21T17:56:31.792000","2026-01-21T17:56:31.792000","697110fc201995b7c23c0638"
"Blumen","69","Pfefferminze","Mentha × piperita","Die Pfefferminze ist eine beliebte aromatische Pflanze, die für ihren intensiven mentholigen Duft bekannt ist. Sie wird häufig in der Küche und für die Herstellung von Tees und Süßigkeiten verwendet.","Pfefferminze hat schmale, gezähnte Blätter mit einer glänzenden Oberfläche und kann bis zu einem Meter hoch wachsen. Die Blüten sind kleine, lila bis rosa Farbtöne und wachsen gruppiert in Ähren.","Wusstest du, dass Pfefferminze für das berühmte Pfefferminz-Eis verwendet wird? Es ist eine süße und kühle Leckerei, die viele Menschen lieben!","Häufig","6971127bfcdaf403df5b689a","2026-01-21T17:52:59.721000","2026-01-21T17:52:59.721000","697110fc201995b7c23c0638"
"Blumen","94","Garten-Kerbel","Anthriscus cerefolium","Der Garten-Kerbel ist eine einjährige Pflanze, die in Gemüsegärten weit verbreitet ist. Er hat zarte, gefiederte Blätter und produziert kleine weiße Blüten, die in Dolden angeordnet sind.","Die Blätter sind grün, gefiedert und haben einen angenehmen, aromatischen Duft. Die Blüten sind klein und weiß, während die Früchte schmal und gefurcht sind.","Die Blätter des Garten-Kerbels sind ein beliebtes Gewürz und werden oft in Suppen und Salaten verwendet, um ihnen einen frischen Geschmack zu verleihen!","Häufig","696ccd5f193864f1f64f805f","2026-01-18T12:09:03.439000","2026-01-18T12:09:03.439000","68ed5acb3c768a7480fef6a0"
"Bäume","22","Kriechender Wacholder","Juniperus procumbens","Der kriechende Wacholder ist ein niedrig wachsender, immergrüner Strauch, der oft als Bodendecker verwendet wird. Die Pflanze hat schuppenartige Blätter und trägt kleine, blaue Beeren, die von Vögeln gerne gefressen werden.","Er ist charakteristisch durch seine kriechende Wuchsform, seine kleinen, schuppenförmigen Blätter und die blauen Beeren.","Die Beeren des Wacholders werden oft zur Herstellung von Gin verwendet, und einige Tiere nutzen die Pflanzenstruktur als Unterschlupf.","Gelegentlich","694be598450d1434e3d43066","2025-12-24T13:07:36.453000","2025-12-24T13:07:36.453000","68ed5acb3c768a7480fef6a0"
"Sträucher","37","Rankende Waldrebe","Clematis vitalba","Die Rankende Waldrebe ist eine kletternde Pflanze, die vor allem in lichten Wäldern und an Zaunrändern wächst. Sie trägt auffällige, weiße Blüten und entwickelt später flauschige Samenstände, die im Herbst sehr dekorativ sind.","Kennzeichnend sind die gefiederten Blätter und die großen, weißen Blüten, die in Rispen erscheinen. Im Herbst sind die Samenkapseln besonders auffällig und pelzig.","Die Kinder können beobachten, wie die Pflanze um andere Objekte klettert und sich dabei wie ein kleiner Akrobat verhält!","Häufig","694be2f1a711eb2185a3a07a","2025-12-24T12:56:17.547000","2025-12-24T12:56:17.547000","68ed5acb3c768a7480fef6a0"
"Blumen","93","Küsten-Meerkohl","Crambe maritima","Der Küsten-Meerkohl ist eine mehrjährige Pflanze, die häufig in sandigen Küstenregionen vorkommt. Sie hat fleischige Blätter und auffällige, weiße oder cremefarbene Blüten, die in dichten Trauben angeordnet sind.","Die Pflanze hat große, tiefgrüne, fleischige Blätter, die oft eine ausgeprägte Wuchsform aufweisen. Die Blüten sind klein, weiß oder creme und wachsen in einer dichten Traube.","Die Blätter des Küsten-Meerkohls sind essbar und schmecken ähnlich wie Kohl, was ihn zu einer nahrhaften Wahl für Mensch und Tier macht.","Gelegentlich","694a9a654057ee2b098716b3","2025-12-23T13:34:29.143000","2025-12-23T13:34:29.143000","68f74de059737140aeca0a36"
"Blumen","92","Gemeiner Fenchel","Foeniculum vulgare","Der Gemeine Fenchel ist eine aromatische Pflanze, die oft in der Küche verwendet wird. Er hat gefiederte Blätter und bildet große gelbe Doldenblüten, die im Sommer blühen. Die Pflanze ist nicht nur geschätzt für ihren Geschmack, sondern auch für ihre gesundheitsfördernden Eigenschaften.","Der Gemeine Fenchel hat charakteristische, gefiederte Blätter und trägt gelbe Blüten, die in Dolden angeordnet sind. Die Pflanze kann bis zu 2 Meter hoch werden und hat einen kugeligen, knolligen Ansatz.","Wusstest du, dass die Samen des Fenchels in der Küche oft als Gewürz verwendet werden und einen süßlichen, anisähnlichen Geschmack haben?","Häufig","694a9980c42f57c77ab7510c","2025-12-23T13:30:40.618000","2025-12-23T13:30:40.618000","68f74de059737140aeca0a36"
"Blumen","91","Gewöhnlicher Nadelkerbel","Scandix pecten-veneris","Der Gewöhnliche Nadelkerbel ist eine einjährige krautige Pflanze, die in feuchten Wiesen und an Wegesrändern wächst. Sie ist bekannt für ihre feinen, nadelartigen Blätter und die weißen Doldenblüten, die in den Sommermonaten erscheinen.","Die Pflanze hat dünne, gefiederte Blätter und trägt kleine weiße Blüten in Dolden. Ihre Stängel sind hohl und die Früchte sind schmal und länglich.","Die Samen des Nadelkerbels sind sehr leicht und können vom Wind über weite Strecken verbreitet werden, was ihm hilft, sich schnell in neuen Gebieten anzusiedeln.","Häufig","694a995e0c278f7621e9fdb9","2025-12-23T13:30:06.328000","2025-12-23T13:30:06.328000","68f74de059737140aeca0a36"
"Blumen","90","Echte Saatwucherblume","Glebionis segetum","Die Echte Saatwucherblume ist eine einjährige Pflanze, die auf Feldern und in störungsreichen Lebensräumen vorkommt. Sie hat leuchtend gelbe Blüten und eine aufrechte Wuchsform.","Die Pflanze hat auffällige gelbe Blüten mit einem Durchmesser von etwa 4 bis 5 cm und gefiederte Blätter. Sie wächst bis zu 50 cm hoch.","Die Blüten der Saatwucherblume sind bei Bienen und anderen Insekten sehr beliebt und helfen, die Artenvielfalt in der Umgebung zu unterstützen.","Häufig","694a98ccf14ac01886f5ffd5","2025-12-23T13:27:40.288000","2025-12-23T13:27:40.288000","68f74de059737140aeca0a36"
"Blumen","52","Kleiner Storchschnabel","Geranium pusillum","Der Kleine Storchschnabel ist eine niedrig wachsende, mehrjährige Pflanze, die häufig in Wiesen und auf verbauten Flächen zu finden ist. Sie hat kleine, rosa-lila Blüten und eine charakteristische, gezackte Blattform.","Die Blätter sind handförmig und bis zu 5-lappig. Die Blüten sind schalenförmig und haben fünf Blütenblätter, die in der Regel lila gefärbt sind.","Die Samen des Kleinen Storchschnabels haben Haken, die sich an Tierfellen festhalten, um die Pflanze zu verbreiten.","Häufig","694a98760a63e5abe98adbd5","2025-12-23T13:26:14.109000","2025-12-23T13:26:14.109000","68f74de059737140aeca0a36"
"Bäume","22","Kriech-Wacholder","Juniperus horizontalis","Der Kriech-Wacholder ist ein niedrig wachsender Strauch, der häufig als Bodendecker verwendet wird. Er hat schuppenartige und nadelförmige Blätter und produziert blaue Beeren, die essbar sind, jedoch einen starken Geschmack haben.","Die Pflanze hat eine dichte, kriechende Wuchsform mit einem Durchmesser von bis zu zwei Metern. Die Blätter sind grün bis blaugrün, und die Beeren sind kugelförmig und reifen im Spätherbst.","Die Beeren des Wacholders werden oft zur Herstellung von Gin verwendet, was ihn zu einem wichtigen Bestandteil für viele Cocktails macht!","Häufig","6946db60ef0e973a902b29df","2025-12-20T17:22:40.033000","2025-12-20T17:22:40.033000","68ed5acb3c768a7480fef6a0"
"Blumen","89","Tellerkraut","Claytonia perfoliata","Das Tellerkraut ist eine essbare Pflanze, die in feuchten Böden wächst und häufig in stärken Regionen vorkommt. Es zeichnet sich durch seine herzförmigen Blätter und kleinen weißen oder rosa Blüten aus, die im Frühjahr erscheinen.","Die Blätter sind fleischig und haben eine runde bis herzförmige Form. Die kleinen Blüten erscheinen in Trauben und sind entweder weiß oder leicht rosa und erscheinen meist früh im Jahr.","Tellerkraut kann roh gegessen werden und hat einen frischen, leicht nussigen Geschmack. Kinder finden es spannend, das junge Kraut in Salaten oder als Snack zu verwenden!","Häufig","6946d152087bcd2bf2f32a6b","2025-12-20T16:39:46.020000","2025-12-20T16:39:46.020000","68ed5acb3c768a7480fef6a0"
"Blumen","88","Christrose","Helleborus niger","Die Christrose ist eine mehrjährige Pflanze, die in der winterlichen Blütenlandschaft auffällt. Ihre weißen bis grünlichen Blüten erscheinen oft schon im Spätwinter und sind eine willkommene Farbe in der kalten Jahreszeit.","Die Christrose hat große, schalenförmige Blüten, die in Trauben erscheinen. Die Blätter sind handförmig und grün, mit tiefen Einschnitten und einer derben Textur.","Die Christrose kann in sehr kalten Temperaturen blühen, sogar manchmal wenn noch Schnee auf dem Boden liegt!","Gelegentlich","6946ce29d68ac2877c65c96b","2025-12-20T16:26:17.360000","2025-12-20T16:26:17.360000","68ed5acb3c768a7480fef6a0"
"Blumen","87","Breitblättriger Rohrkolben","Typha latifolia","Der Breitblättrige Rohrkolben ist eine ausdauernde, hochwachsende Wasserpflanze, die vor allem in feuchten Gebieten und am Ufer von Gewässern vorkommt. Sie zeichnet sich durch ihre langen, flachen Blätter und die charakteristischen, zylindrischen Blütenstände aus, die wie braune Röhren aussehen.","Die Pflanze hat schilfartige, breite Blätter, die bis zu 3 cm breit werden können. Die Blütenstände stehen in einer Höhe von etwa 1 bis 2 Meter über dem Wasserspiegel und sind braun gefärbt.","Die langen, zylindrischen Blütenstände können im Sommer aussehen wie kleine Zäpfchen, und die Pflanzen sind sehr beliebt bei Vögeln, die sich von ihren Samen ernähren.","Häufig","6946ccba17db584788fb36f5","2025-12-20T16:20:10.469000","2025-12-20T16:20:10.469000","68ed5acb3c768a7480fef6a0"
"Blumen","77","Dalmatiner Krokus","Crocus tommasinianus","Der Dalmatiner Krokus ist eine frühblühende Zwiebelblume, die in einer Vielzahl von Farben, vor allem in lila und weiß, blüht. Er wächst oft in Wiesen und Gärten und ist bekannt für seine attraktiven, pfeilförmigen Blütenblätter.","Die Blüten sind glockenförmig und erscheinen zu Beginn des Frühlings, oft schon während des Schneefalls. Die Blätter sind schmal, grün und wachsen direkt aus der Zwiebel.","Die Blüten des Dalmatiner Krokus öffnen sich, wenn die Sonne scheint, und schließen sich bei bewölktem Wetter!","Gelegentlich","694179f659d343083f8f9c62","2025-12-16T15:25:42.786000","2025-12-16T15:25:42.786000","68ed5acb3c768a7480fef6a0"
"Blumen","86","Kleine Klette","Arctium minus","Die Kleine Klette ist eine ausdauernde Pflanze, die vor allem in feuchten Wiesen und an Wegrändern vorkommt. Sie ist bekannt für ihre großen, schützend behaarten Blätter und auffälligen, lila Blüten, die im Spätsommer erscheinen.","Die Klette hat große, rauhe Blätter, die eine herzförmige bis elliptische Form haben. Die Blütenköpfe sind kugelig und lila gefärbt, mit stacheligen Hüllblättern, die sich im reifen Zustand an Kleidung und Tierfellen festsetzen können.","Die Klettenfrüchte können an der Kleidung kleben bleiben und so Samen über größere Entfernungen verbreiten, was den Pflanzen sehr hilft, neue Plätze zu besiedeln.","Häufig","69414f6d206eb3f768b7ce65","2025-12-16T12:24:13.229000","2025-12-16T12:24:13.229000","68ed5acb3c768a7480fef6a0"
"Blumen","85","Wilde Karde","Dipsacus fullonum","Die Wilde Karde ist eine mehrjährige Pflanze, die in feuchten Wiesen und an Wegrändern wächst. Sie hat auffällige, stachelige Blütenköpfe, die eine wichtige Nahrungsquelle für viele Insekten darstellen.","Die Pflanze kann bis zu 1,5 Meter hoch werden und hat große, gezähnte Blätter. Die Blüten sind lila bis violett und sitzen auf einem charakteristisch stacheligen Blütenstand.","Die stacheligen Samenstände der Wilden Karde wurden früher zum Kardieren von Wolle verwendet, was ihr den Namen gab.","Gelegentlich","69406bb5abb26efd5c6c49c0","2025-12-15T20:12:37.136000","2025-12-15T20:12:37.136000","68ed5acb3c768a7480fef6a0"
"Blumen","30","Dunkle Königskerze","Verbascum nigrum","Die Dunkle Königskerze ist eine mehrjährige Pflanze, die von Juni bis September blüht. Sie hat große, auffällige gelbe Blüten, die in langen Trauben angeordnet sind und zieht viele Insekten an.","Die Pflanze hat große, behaarte Blätter, die eine graugrüne Farbe haben. Ein charakteristisches Merkmal sind die hohen Blütenstände mit dichten Blütenähren.","Die Dunkle Königskerze wurde in der traditionellen Medizin verwendet, um Husten und Atemwegserkrankungen zu behandeln.","Gelegentlich","69404a3ba32b64bbae75f90c","2025-12-15T17:49:47.994000","2025-12-15T17:49:47.994000","68ed5acb3c768a7480fef6a0"
"Blumen","84","Gewöhnlicher Blutweiderich","Lythrum salicaria","Der Gewöhnliche Blutweiderich ist eine ausdauernde, krautige Pflanze, die vor allem in feuchten Gebieten wie Ufern und Wiesen vorkommt. Er zeichnet sich durch seine auffälligen, rosa bis purpurfarbenen Blüten aus, die von Juli bis September blühen.","Die Pflanze erreicht eine Höhe von 30 bis 120 cm und hat aufrechte, behaarte Stängel mit gegenständigen, lanzettlichen Blättern. Die Blüten stehen in lockeren Ähren und haben fünf Blütenblätter.","Die Blüten sind eine wichtige Nahrungsquelle für Bienen und andere Insekten.","Häufig","694029c3b5ad682513966070","2025-12-15T15:31:15.407000","2025-12-15T15:31:15.408000","68ed5acb3c768a7480fef6a0"
"Blumen","83","Wilde Möhre","Daucus carota","Die Wilde Möhre ist eine mehrjährige Pflanze, die in Europa weit verbreitet ist. Ihre Blüten sind klein, weiß und formen eine lappenartige Doldenblüte, die besonders im Sommer auffällt.","Die Pflanze hat gefiederte Blätter und eine charakteristische, karottenartige Wurzel. Die Blüten stehen in dichten, flachen Dolden zusammen.","Die Wilde Möhre war eine der ersten Kultivierten Möhren, bevor die orangefarbene Variante gezüchtet wurde, und wird manchmal auch als 'Kümmel' bezeichnet.","Häufig","694010688a905afd0c039e1c","2025-12-15T13:43:04.407000","2025-12-15T13:43:04.407000","68ed5acb3c768a7480fef6a0"
"Blumen","37","Sand-Mohn","Papaver argemone","Der Sand-Mohn ist eine einjährige Pflanze, die hauptsächlich auf sandigen und trockenen Böden wächst. Er bildet auffällige, leuchtend rote Blüten, die eine charakteristische schwarze Fleck auf jeder Blütenblatt haben.","Die Blüten sind groß und leuchtend rot mit schwarzen Flecken, die Blätter sind stark eingeschnitten und behaart. Die Pflanze kann bis zu 60 cm hoch werden.","Die Samen des Mohns sind essbar und werden in vielen Kulturen als Nahrungsmittel verwendet.","Gelegentlich","693ff83e811e5238725ce12a","2025-12-15T11:59:58.074000","2025-12-15T11:59:58.074000","68ed5acb3c768a7480fef6a0"
"Blumen","36","Wiesenmargerite","Leucanthemum ircutianum","Die Wiesenmargerite ist eine mehrjährige Blume, die häufig auf Wiesen und in Graslandschaften vorkommt. Sie hat große, weiße Blütenblätter und eine auffällige gelbe Mitte, die Bienen und Schmetterlinge anzieht.","Die Wiesenmargerite zeichnet sich durch ihre großen, weißen Blüten mit einem gelben Zentrum aus. Sie hat lanzettliche Blätter, die grundständig wachsen, und kann eine Höhe von bis zu 80 cm erreichen.","Die Wiesenmargerite ist nicht nur schön, sondern auch nahrhaft für viele Insekten, die von ihren Blüten angelockt werden!","Häufig","693ff74bbeb188ea4ca08f07","2025-12-15T11:55:55.256000","2025-12-15T11:55:55.256000","68ed5acb3c768a7480fef6a0"
"Blumen","82","Wiesen-Flockenblume","Centaurea jacea","Die Wiesen-Flockenblume ist eine mehrjährige Pflanze, die vor allem in feuchten Wiesen und auf Weiden vorkommt. Sie hat auffällige, lila bis purpurfarbene Blüten und zieht zahlreiche Insekten an, besonders Schmetterlinge.","Kennzeichnend sind die abstrahlenden Blütenköpfe mit langen, dünnen Blütenblättern und die behaarten, schmalen Blätter. Die Pflanze kann bis zu einem Meter hoch werden und wächst bevorzugt in sonnigen Lagen.","Die Wiesen-Flockenblume ist nicht nur schön, sondern auch nützlich! Sie dient als Futterpflanze für viele Insekten wie Bienen und Schmetterlinge.","Häufig","693ff67499164984321e1977","2025-12-15T11:52:20.716000","2025-12-15T11:52:20.716000","68ed5acb3c768a7480fef6a0"
"Blumen","81","Garten-Tulpe","Tulipa gesneriana","Die Garten-Tulpe ist eine beliebte Zierpflanze, die vor allem in Gärten und Parks angepflanzt wird. Ihre auffälligen Blüten erscheinen in verschiedenen Farben und Formen, was sie zu einer besonders begehrten Pflanze macht.","Die Garten-Tulpe hat große, schalenförmige Blüten, die oft in leuchtenden Farben wie Rot, Gelb oder Weiß erscheinen. Die Blätter sind lang und schmal, typischerweise grün und wachsen basalang.","Wusstest du, dass Tulpen früher so wertvoll waren, dass sie als Geld verwendet wurden? Diese Zeit nennt man ""Tulpenmanie"".","Häufig","693ff5bf9b27b7fefde51d65","2025-12-15T11:49:19.116000","2025-12-15T11:49:19.116000","68ed5acb3c768a7480fef6a0"
"Sträucher","36","Japanische Zierquitte","Chaenomeles japonica","Die Japanische Zierquitte ist ein kleiner Strauch, der sich durch seine auffälligen, leuchtenden Blüten auszeichnet, die im Frühling erscheinen. Sie ist oft in Gärten zu finden, wo sie wegen ihrer dekorativen Eigenschaften geschätzt wird.","Die Pflanze hat dornige Äste und glänzende, grüne Blätter. Die Blüten sind meist rot, rosa oder weiß und erscheinen vor dem Laub.","Die Japanische Zierquitte ist nicht nur schön anzusehen, sondern die Früchte sind auch essbar und angeblich sehr gesund!","Gelegentlich","693d3e14dbd79aec8a14d949","2025-12-13T10:21:08.029000","2025-12-13T22:39:17.948000","68ed5acb3c768a7480fef6a0"
"Blumen","31","Echter Waldmeister","Galium odoratum","Der Echter Waldmeister ist eine mehrjährige Pflanze, die in schattigen, feuchten Wäldern wächst. Sie hat herzförmige Blätter und charakteristische weiße Blüten, die im Frühling blühen und für ihren süßlichen Duft bekannt sind.","Er erkennbare Merkmale sind die quirligen Blätter, die wie ein Kranz um den Stängel angeordnet sind, und die kleinen, weißen sternförmigen Blüten.","Waldmeister wird oft in Getränken wie Maibowle verwendet, da er einen süßlichen und aromatischen Geschmack hat.","Häufig","693c4bc7049150f9306f42fe","2025-12-12T17:07:19.112000","2025-12-13T22:39:18.417000","68ed5acb3c768a7480fef6a0"
"Blumen","32","Kuckucks-Lichtnelke","Silene flos-cuculi","Die Kuckucks-Lichtnelke ist eine mehrjährige krautige Pflanze, die in feuchten Wiesen und Uferbereichen vorkommt. Sie zeichnet sich durch ihre zarten, pinken Blüten aus, die meist in lockeren Blütenständen stehen.","Die Blüten sind in leicht gewellten Kelchen mit fünf zackigen Blütenblättern angeordnet. Die Pflanze hat rauhe, lanzettliche Blätter, die oft eine graugrüne Farbe haben.","Die Kuckucks-Lichtnelke ist bekannt dafür, dass sie oft zeitgleich mit dem Kuckuck im Frühling blüht, was ihr ihren Namen einbrachte!","Gelegentlich","693c46bd3d1e6db0a2dc6b64","2025-12-12T16:45:49.450000","2025-12-13T22:39:18.939000","68ed5acb3c768a7480fef6a0"
"Blumen","80","Hohler Lerchensporn","Corydalis cava","Der Hohle Lerchensporn ist eine mehrjährige, krautige Pflanze, die vor allem in laubabwerfenden Wäldern wächst. Sie hat zarte, gefiederte Blätter und produziert im Frühjahr hübsche, gelbliche, hängende Blüten.","Die Blüten sind hängend und haben eine charakteristische Form, die an einen Lerchenschwanz erinnert. Die Blätter sind gefiedert und wachsen in einer Rosette.","Die Wurzeln des Hohlen Lerchensporns sind essbar und wurden früher in der Volksmedizin verwendet.","Gelegentlich","693c45a1d2f0e32852bef93d","2025-12-12T16:41:05.662000","2025-12-13T22:39:19.438000","68ed5acb3c768a7480fef6a0"
"Blumen","14","Frühlings-Fingerkraut","Potentilla verna","Das Frühlings-Fingerkraut ist eine mehrjährige krautige Pflanze, die typischerweise in Wiesen und lichten Wäldern wächst. Es bildet Rosetten aus handförmigen Blättern und zeigt im Frühling leuchtend gelbe Blüten.","Die Hauptmerkmale sind die handförmigen Blätter und die gelben Blüten mit fünf Blütenblättern, die in dichten Blütenständen erscheinen. Die Pflanze hat einen niedrig wachsenden Wuchs von etwa 10 bis 30 cm.","Frühlings-Fingerkraut ist ein beliebtes Ziel für kleine Gartenbesucher wie Schmetterlinge und Bienen, die von seinen Blüten angelockt werden!","Häufig","693c2ef13d1e6db0a2dc4556","2025-12-12T15:04:17.920000","2025-12-13T22:39:19.985000","68ed5acb3c768a7480fef6a0"
"Blumen","48","Echte Schlüsselblume","Primula veris","Die Echte Schlüsselblume ist eine mehrjährige Pflanze, die oft in feuchten Wiesen und Waldrändern vorkommt. Sie hat gelbe, trichterförmige Blüten, die in Dolden angeordnet sind und im Frühjahr blühen.","Die Pflanze hat eine Rosette aus langen, schmalen Blättern und trägt auffällige, gelbe Blüten mit einer charakteristischen Form, die an einen Schlüssel erinnern.","Die Echte Schlüsselblume gilt in vielen Kulturen als Glücksbringer und wird oft mit dem Frühling und der Wiedergeburt in Verbindung gebracht.","Häufig","693c22681c7f728c89685aa0","2025-12-12T14:10:48.112000","2025-12-13T22:39:20.483000","68ed5acb3c768a7480fef6a0"
"Blumen","79","Buschwindröschen","Anemonoides nemorosa","Das Buschwindröschen ist eine mehrjährige Pflanze mit zarten weißen Blüten, die im frühen Frühling blühen. Es wächst oft in Laubwäldern und bildet teppichartige Bestände.","Die Blüten haben meist sechs Blütenblätter und sind von grünen, gefiederten Blättern umgeben. Der Stängel ist aufrecht und erreicht eine Höhe von 10 bis 30 cm.","Wusstest du, dass die Blüten des Buschwindröschen sich während der Nacht schließen?","Häufig","693c1f5963276e087d147d69","2025-12-12T13:57:45.767000","2025-12-13T22:39:20.996000","68ed5acb3c768a7480fef6a0"
"Blumen","78","Gewöhnliche Pestwurz","Petasites hybridus","Die Gewöhnliche Pestwurz ist eine mehrjährige Pflanze, die vor allem in feuchten Wäldern und an Gewässern wächst. Sie bildet große Blätter aus, die oft eine herzförmige Grundform aufweisen. Ihre Blüten erscheinen früh im Jahr, bevor die Blätter vollständig austreiben.","Die Pflanze zeichnet sich durch große, runde Blätter und hohe Blütenstände mit kleinen, weißen Blüten aus. Die Blüten erscheinen vor dem Blattaustrieb.","Wusstest du, dass die Gewöhnliche Pestwurz in der Antike als Heilpflanze gegen verschiedene Krankheiten verwendet wurde?","Gelegentlich","693c0b6dd2751c6c9e1aa911","2025-12-12T12:32:45.224000","2025-12-13T22:39:21.470000","68ed5acb3c768a7480fef6a0"
"Blumen","77","Gelber Krokus","Crocus chrysanthus","Der Gelbe Krokus ist eine früh blühende Zwiebelpflanze, die häufig im Frühjahr auf blühenden Wiesen und in Gärten zu finden ist. Seine leuchtend gelben Blüten sind eine der ersten Farbtupfer, die das Ende des Winters ankündigen.","Der Gelbe Krokus hat typische, schmal geformte Blätter und auffällige, goldgelbe Blüten mit einer charakteristischen Form. Die Blüten öffnen sich bei Sonnenlicht und schließen sich bei Dunkelheit.","Wusstest du, dass die Bienen den Gelben Krokus lieben? Sie besuchen die Blüten früh im Jahr, um Nektar zu sammeln, wenn andere Blumen noch nicht blühen!","Häufig","693bf6fad652cd0743b51d4d","2025-12-12T11:05:30.869000","2025-12-13T22:39:22.061000","68ed5acb3c768a7480fef6a0"
"Blumen","76","Märzenbecher","Leucojum vernum","Der Märzenbecher ist eine früh blühende Zwiebelpflanze, die in der Regel im ausgehenden Winter oder frühen Frühling blüht. Seine weißen, glockenförmigen Blüten fallen durch ihre Anordnung und Knotenpunkte am Stängel auf.","Der Märzenbecher hat glockenförmige, weiße Blüten, die in Dolden angeordnet sind. Die Blätter sind schmal und schwertförmig, und die Pflanze erreicht eine Höhe von 15 bis 30 cm.","Der Märzenbecher gilt als eines der ersten Zeichen des Frühlings und kann manchmal sogar durch den Schnee blühen!","Gelegentlich","693be7ddc5456a779df89f94","2025-12-12T10:01:01.681000","2025-12-13T22:39:22.536000","68ed5acb3c768a7480fef6a0"
"Blumen","23","Gemeiner Huflattich","Tussilago farfara","Der Gemeine Huflattich ist eine mehrjährige Pflanze, die oft auf feuchten Wiesen und an Wegrändern zu finden ist. Er kann bis zu 30 cm hoch werden und blüht bereits im zeitigen Frühjahr, bevor die Blätter austreiben.","Die Blüten sind leuchtend gelb und ähneln kleinen Sonnen, während die Blätter groß und herzförmig sind, jedoch erst später im Jahr erscheinen.","Die Blüten des Huflattichs sind eine der ersten Pflanzen, die im Frühling blühen und können sogar Schneeschichten durchbrechen!","Häufig","693bdf911be3ed071225c48d","2025-12-12T09:25:37.073000","2025-12-13T22:39:23.149000","68ed5acb3c768a7480fef6a0"
"Blumen","75","Schneeglöckchen-Wildform","Galanthus × allenii","Galanthus × allenii ist ein zwergwüchsiges Schneeglöckchen, das durch seine weißen, hängenden Blüten gekennzeichnet ist. Diese Pflanze blüht in der Regel früh im Jahr, oft noch bevor der Schnee geschmolzen ist.","Erkennbar an den schmalen, langen Blättern und den typischen weißen Blüten, die wie kleine Glocken aussehen und hängend sind.","Wusstest du, dass Schneeglöckchen oft die ersten Blumen sind, die im Frühling blühen? Sie bringen einen Hauch von Frühling, selbst wenn der Schnee noch auf dem Boden liegt!","Gelegentlich","693bd23eae77f47b21e6905a","2025-12-12T08:28:46.925000","2025-12-13T22:39:23.719000","68ed5acb3c768a7480fef6a0"
"Sträucher","3","Weitere Arten dieser Gattung","Rubus armeniacus","Die Brombeere ist ein dorniger Strauch, der essbare Beeren produziert. Sie wächst bevorzugt an sonnigen, offenen Standorten und kann schnell dichte Bestände bilden.","Brombeeren sind durch ihre einfachen, gelappten Blätter und die dornigen Triebe gut erkennbar. Die Blüten sind weiß bis rosa und erscheinen im Sommer, gefolgt von den typischen schwarzen Früchten.","Wusstest du, dass man aus Brombeeren leckere Marmelade machen kann? Aber Vorsicht: Die Dornen können ganz schön pieksen!","Häufig","692ab9bb00369f03dd8a70a5","2025-11-29T09:15:39.355000","2025-12-13T22:39:24.254000","692575bbe8de86deb6e9173d"
"Blumen","73","Pannonisches-Traubenkraut","Tripolium pannonicum","Das Pannonische Traubenkraut ist eine mehrjährige krautige Pflanze, die vor allem in feuchten Wiesen und an Wegrändern vorkommt. Es hat typische hohle Stängel und blüht mit auffälligen gelben Blüten, die in Trauben angeordnet sind.","Die Blätter sind schmal und linealisch, während die Blüten in dichten Trauben erscheinen. Die Stängel sind grün und können bis zu 1 Meter hoch werden.","Wusstest du, dass das Pannonische Traubenkraut ganz schön nützlich ist? Es wird oft von Bienen besucht, die ihren süßen Nektar sammeln!","Gelegentlich","6920fc413e6491a0329d67f2","2025-11-21T23:56:49.364000","2025-12-13T22:39:24.720000","68ed5acb3c768a7480fef6a0"
"Blumen","72","Gewöhnliche Strandhafer","Ammophila arenaria","Die Sand-Gras ist eine mehrjährige Pflanze, die vor allem in sandigen Küstenbereichen vorkommt. Sie ist bekannt für ihre Fähigkeit, Sanddünen zu stabilisieren und trägt somit zur Vermeidung der Erosion bei.","Die Pflanze hat lange, schmale Blätter und bildet hohe Blütenähren mit feinen Blüten. Sie kann eine Höhe von bis zu einem Meter erreichen und hat eine tiefgehende Wurzelstruktur.","Wusstest du, dass Sand-Gräser helfen, die Dünen zu sichern? Sie sind wie die Baumeister der Küste!","Häufig","6920f61eb2984a6cff58743c","2025-11-21T23:30:38.786000","2025-12-13T22:39:25.204000","68ed5acb3c768a7480fef6a0"
"Blumen","71","Gewöhnliche Strandhafer","Calamagrostis arenaria","Das Sandgras ist eine mehrjährige Pflanze, die typischerweise in sandigen und nährstoffarmen Böden vorkommt. Es hat lange, schmale Blätter und bildet im Sommer lockere Blütenwedel.","Die überhängenden Blütenstände sind dünn und lanzettlich, die Blätter sind schmal und kerbseitig, in der Regel grün bis bläulich-grün gefärbt.","Sandgras wächst oft in Gebieten, die von Erosion bedroht sind, und hilft, den Boden zu stabilisieren.","Häufig","6920f59bce79fdf4dcb71ca9","2025-11-21T23:28:27.978000","2025-12-13T22:39:25.710000","68ed5acb3c768a7480fef6a0"
"Blumen","41","Echter Oregano","Origanum majorana","Der Echte Oregano ist eine aromatische Kräuterpflanze, die häufig in der mediterranen Küche verwendet wird. Er gehört zur Familie der Lippenblütler und ist bekannt für seinen intensiven Geschmack und Duft.","Der Oregano hat grüne, ovalförmige Blätter und kann leicht an seinem kräftigen, würzigen Duft erkannt werden. Die Pflanze erreicht eine Höhe von bis zu 80 cm.","Wusstest du, dass Oregano auch oft als Zauberpflanze angesehen wurde? In manchen Kulturen glaubte man, dass er Glück und Schutz bringt.","Häufig","6920cad990956350daf1c002","2025-11-21T20:26:01.435000","2025-12-13T22:39:26.277000","68ed5acb3c768a7480fef6a0"
"Sträucher","31","Schmal-Blutbinse","Juncus tenuis","Die Schmal-Blutbinse ist eine ausdauernde, sumpf- und wasserliebende Pflanze, die in feuchten Lebensräumen wie Wiesen und Uferzonen vorkommt. Sie hat schlanke, aufrechte Halme und trägt kleine, unscheinbare Blütenstände.","Die Pflanze hat dünne, lange Halme und bildet often dichte Bestände. Die Blüten sind grünlich und meist nicht auffällig.","Die Schmal-Blutbinse kann vielen Tieren und Insekten als Lebensraum dienen und trägt so zur Biodiversität der feuchten Lebensräume bei.","Häufig","69204553fe055302bd15979e","2025-11-21T10:56:19.563000","2025-12-13T22:39:26.844000","68ed5acb3c768a7480fef6a0"
"Bäume","27","gewöhnliche Thuja","Thuja occidentalis","Die gewöhnliche Thuja, auch bekannt als Lebensbaum, ist ein immergrüner Baum, der für seine dichte, schuppenartige Blattstruktur bekannt ist. Er kann als Heckenpflanze oder für die Gestaltung von Gärten verwendet werden.","Die Blätter sind schuppenförmig und grün bis graugrün. Die Rinde ist schuppig und bräunlich, und die Zapfen sind kleinen, holzigen Kegel, die reif bläulich gefärbt sind.","Die Thuja gilt als Symbol für Unsterblichkeit und wird oft in Gärten und Friedhöfen gepflanzt.","Häufig","692043a36f5031ebe16851c0","2025-11-21T10:49:07.292000","2025-12-13T22:39:27.403000","68ed5acb3c768a7480fef6a0"
"Sträucher","4","Hecken-Rose","Rosa dumalis","Die Hecken-Rose ist ein einheimischer Strauch, der vor allem in Gebüsch und Hecken vorkommt. Ihre zarten, duftenden Blüten blühen von Mai bis Juli und ziehen viele Insekten an.","Die Hecken-Rose hat meist pinkfarbene bis weiße Blüten mit fünf Blütenblättern. Die Stängel sind stachelig und die Blätter sind gefiedert. Die Frucht ist eine rote Hagebutte, die im Herbst reift.","Die Hagebutten sind sehr vitaminreich und können als Tee zubereitet oder zu Marmelade verarbeitet werden!","Häufig","691c3654619a9895c7410d1b","2025-11-18T09:03:16.607000","2025-12-13T22:39:27.941000","68f74de059737140aeca0a36"
"Sträucher","13","Haariger Ginster","Genista hirsuta","Die Haarige Genista ist ein strauchiger, blühender Vertreter aus der Familie der Hülsenfrüchtler. Sie ist bekannt für ihre auffälligen gelben Blüten, die im Frühling und Sommer erscheinen und einen hohen Nährwert für Bestäuber bieten.","Die Pflanze hat grazile, aufrechte Triebe mit schmalen, grünen Blättern und auffälligen gelben Blüten, die in Trauben angeordnet sind.","Die Blüten der Haarigen Genista ziehen viele Schmetterlinge an, die gerne von ihrer nektarreichen Blüten trinken!","Gelegentlich","691c360cd29b51ebf13b56de","2025-11-18T09:02:04.856000","2025-12-13T22:39:28.379000","68f74de059737140aeca0a36"
"Blumen","70","Geruchloses Muttersaats-Mutterkraut","Tripleurospermum inodorum","Das Geruchlose Muttersaats-Mutterkraut ist eine einjährige Pflanze, die häufig auf unbewachsenen Flächen sowie in Wiesen zu finden ist. Sie hat eine aufrechte Wuchsform und geringe Wuchshöhen von 20 bis 50 cm.","Helle, weiße Blütenstände mit gelben Mittelteilen, gefiederte Blattunterteile und eine aufrechte Wuchsform.","Die Blüten ziehen viele Insekten an und sind eine wichtige Nahrungsquelle für Bienen!","Häufig","691c3570f2e767be1a386895","2025-11-18T08:59:28.036000","2025-12-13T22:39:28.853000","68f74de059737140aeca0a36"
"Blumen","1","Jährliches Schwingel","Poa annua","Poa annua, auch als Jährliches Schwingel bekannt, ist eine einjährige Grasart, die häufig in Rasen und auf gestörten Böden wächst. Sie hat eine feine, weiche Textur und bildet häufig dichte Bestände.","Sie ist leicht an ihren kurzen, aufrechten Halmen und den grünen, schmalen Blättern zu erkennen. Die Blütenstände erscheinen meist in einer lockeren Rispe.","Das Jährliche Schwingel wächst oft dort, wo Menschen gehen und spielt eine wichtige Rolle im Ökosystem als Nahrung für viele kleine Tiere.","Häufig","691c352675a93aa2343c166c","2025-11-18T08:58:14.479000","2025-12-13T22:39:29.392000","68f74de059737140aeca0a36"
"Blumen","62","Haarige-Gleichblättrige-Kreuzblume","Cardamine hirsuta","Die Haarige Gleichblättrige Kreuzblume ist eine kleine, einjährige Pflanze, die in feuchten, schattigen Bereichen wächst. Sie hat zarte, weiße Blüten und kann bis zu einem gewissen Maß mit anderen Arten der Kreuzblüte verwechselt werden.","Die Pflanze hat gefiederte Blätter und weiße, vierblütige Blüten, die in traubenförmigen Blütenständen erscheinen. Ihre Stängel sind leicht behaart.","Die Samen dieser Pflanze können durch den Wind oder durch Wasser verbreitet werden, was sie zu einem spannenden Beispiel für die Fortpflanzung in der Natur macht.","Häufig","691c33d55819098b06bafbb9","2025-11-18T08:52:37.219000","2025-12-13T22:39:29.937000","68f74de059737140aeca0a36"
"Blumen","69","Runde Minze","Mentha × rotundifolia","Die Runde Minze ist eine hybride Minze, die häufig in Gärten und natürlich in Feuchtgebieten zu finden ist. Sie hat einen angenehmen Duft und wird oft als Gewürz oder in Tees verwendet.","Die Blätter sind rundlich und haben eine gezahnte Kante, die Pflanzen können eine Höhe von 30 bis 60 cm erreichen. Die Blüten sind klein, lila und wachsen in dichten Ähren.","Wusstest du, dass Minze nicht nur toll riecht, sondern auch Insekten vertreiben kann?","Häufig","691b4bd884648368f8d290d1","2025-11-17T16:22:48.997000","2025-12-13T22:39:30.418000","68ed5acb3c768a7480fef6a0"
"Blumen","69","Wasser-Minze","Mentha aquatica","Die Wasser-Minze ist eine mehrjährige Pflanze, die häufig an feuchten Orten wie Ufern und Gräben vorkommt. Sie zeichnet sich durch ihren starken Minzgeruch und die charakteristischen, gezahnten Blätter aus.","Die Pflanze hat quadratische Stängel, gezahnte Blätter und bildet rosa-violette Blütenstände. Der starke mintartige Duft ist ebenfalls ein wichtiges Erkennungsmerkmal.","Wasser-Minze wird häufig in der Küche verwendet und kann für Tees, Desserts und Cocktails verwendet werden. Sie zieht auch gerne Bienen und Schmetterlinge an!","Häufig","691b3b830b7c436af0b31bd1","2025-11-17T15:13:07.674000","2025-12-13T22:39:30.877000","68ed5acb3c768a7480fef6a0"
"Blumen","69","Echte Minze","Mentha spicata","Die Echte Minze ist eine mehrjährige Kräuterpflanze, die für ihren frischen, aromatischen Duft bekannt ist. Sie wächst häufig in feuchten Gebieten und hat schmale, lange Blätter und lila Blüten. Ihre Blätter werden oft in der Küche verwendet, um Speisen und Getränke zu aromatisieren.","Die Echte Minze hat quadratische Stängel, gegenständige Blätter und kleine, lila Blüten, die in dichten Ähren wachsen. Die Blätter sind intensiv duftend, wenn sie zerdrückt werden.","Wusstest du, dass die Echte Minze oft in der Zahnpasta verwendet wird, weil sie hilft, den Atem frisch zu halten?","Häufig","691b360e58c7f8c475e4c70c","2025-11-17T14:49:50.423000","2025-12-13T22:39:31.368000","68ed5acb3c768a7480fef6a0"
"Blumen","68","Echte Melisse","Melissa officinalis","Die Echte Melisse ist eine mehrjährige Pflanze, die für ihren zitronenartigen Duft bekannt ist. Sie wird häufig in der Küche als Gewürz und auch in der Naturheilkunde genutzt.","Die Pflanze hat gezackte, grüne Blätter und kleine, weiße bis blassgelbe Blüten, die in Wickeln angeordnet sind. Der Duft der Blätter ist charakteristisch und erinnert an Zitrusfrüchte.","Die Echte Melisse wird oft als Bienenpflanze bezeichnet, da sie Bienen anzieht und somit zur Bestäubung beiträgt.","Häufig","691b22d14bc7e9d6a5c25714","2025-11-17T13:27:45.014000","2025-12-13T22:39:31.876000","68ed5acb3c768a7480fef6a0"
"Bäume","9","Nordmanntanne","Abies nordmanniana","Die Nordmanntanne ist ein immergrüner Baum, der für seinen dichten, symmetrischen Wuchs und die weichen, graugrünen Nadeln bekannt ist. Sie wird oft als Weihnachtsbaum verwendet und stammt ursprünglich aus den Gebirgen des Kaukasus.","Die Nordmanntanne hat flache, glänzende Nadeln, die nicht pieksen und eine dunkelgrüne Farbe auf der Oberseite zeigen. Die Zweige sind gut ausgefahren, und die Zapfen sind aufrecht.","Die Nadeln der Nordmanntanne können bis zu 7 Jahre am Baum bleiben, bevor sie abfallen!","Häufig","691991ee5c6550d7718e7594","2025-11-16T08:57:18.193000","2025-12-13T22:39:32.379000","68ed5acb3c768a7480fef6a0"
"Sträucher","4","Damaskus-Rose","Rosa × damascena","Die Damaskus-Rose ist eine alte Rosensorte, die für ihren intensiven Duft und ihre schönen Blüten bekannt ist. Sie wird oft in der Parfümherstellung und zur Gewinnung von Rosenöl verwendet.","Die Blüten sind groß, gefüllt und haben eine rosafarbene bis purpurfarbene Blütenfarbe. Die Pflanze hat dornenbewehrte Triebe und glänzende, grüne Blätter.","Wusstest du, dass die Damaskus-Rose oft als Symbol für Liebe und Schönheit gilt?","Gelegentlich","69198ad26bc190b9a26ca491","2025-11-16T08:26:58.619000","2025-12-13T22:39:32.975000","68ed5acb3c768a7480fef6a0"
"Blumen","67","Echte Borretsch","Borago officinalis","Der Echte Borretsch ist eine einjährige Krautpflanze mit größeren, rauh behaarten Blättern und auffälligen blauen, sternförmigen Blüten. Diese Pflanze wird häufig in Gärten angebaut, nicht nur wegen ihrer kulinarischen Verwendung, sondern auch wegen ihrer dekorativen Blüten.","Die Pflanze hat breite, grüne Blätter, die rau und leicht behaart sind, und produziert leuchtend blaue Blüten mit fünf zackigen Blütenblättern.","Die Blüten sind essbar und können zur Dekoration von Salaten oder Cocktails verwendet werden!","Häufig","6917c1c86962dc7f3a93fbfc","2025-11-14T23:56:56.155000","2025-12-13T22:39:33.498000","68ed5acb3c768a7480fef6a0"
"Bäume","26","Gewöhnlicher Goldregen","Laburnum anagyroides","Der Gewöhnliche Goldregen ist ein dekorativer Laubbaum, der für seine auffälligen, hängenden Blütenstände bekannt ist. Die leuchtend gelben Blumen erscheinen im späten Frühling und sind eine wichtige Quelle für Nektar. Diese Pflanze ist in Europa weit verbreitet und wird oft in Gärten und Parks angepflanzt.","Der Baum hat gefiederte Blätter und hängende Trauben mit gelben Blüten. Die Blüten sind schmetterlingsartig und erscheinen in großen Gruppen. Im Herbst bilden sich die charakteristischen, haarigen Samenkapseln, die giftig sind.","Die Blumen des Goldregens können viel Nektar produzieren, was sie zu einem Anziehungspunkt für viele Insekten macht, insbesondere Bienen.","Häufig","690f7e5a3abef4fe7cebb596","2025-11-08T17:31:06.783000","2025-12-13T22:39:34.038000","68ed5acb3c768a7480fef6a0"
"Sträucher","3","Schwarz-Beere","Rubus elegantispinosus","Die Schwarz-Beere ist ein Strauch, der vor allem in Wäldern, Gebüschen und an Wegrändern verbreitet ist. Sie trägt aromatische, schwarze Beeren, die im Spätsommer reifen und sehr süß sind.","Die Pflanze hat stachelige Triebe, gefiederte Blätter und weiße bis rosafarbene Blüten, die im Frühsommer erscheinen. Die Beeren sind zunächst rot und färben sich beim Reifen schwarz.","Wusstest du, dass die Beeren nicht nur lecker sind, sondern auch viele Vitamine enthalten? Sie können frisch gegessen oder zu Marmelade verarbeitet werden!","Häufig","69075a0e22f931cf130cb6fe","2025-11-02T13:18:06.675000","2025-12-13T22:39:34.509000","68f8f0041bf0d5d35a22d795"
"Sträucher","23","Schräg-Säulen-Feuerdorn","Cotoneaster horizontalis","Der Schräg-Säulen-Feuerdorn ist ein immergrüner Strauch, der vor allem als Zierpflanze in Gärten und Parks verwendet wird. Er hat abgerundete, glänzende Blätter und trägt im Herbst rote oder orange Früchte, die Vögel anziehen.","Die Pflanze hat eine charakteristische, schräg wachsende Wuchsform, glatte, elliptische Blätter und kleine weiße Blüten, die im Sommer erscheinen.","Die Beeren des Feuerdorns sind nicht nur hübsch, sondern auch eine wichtige Nahrungsquelle für viele Vogelarten im Winter!","Häufig","690600a567e37a6c06fee5ba","2025-11-01T12:44:21.456000","2025-12-13T22:39:35.085000","68ed5acb3c768a7480fef6a0"
"Bäume","8","Rote-Fichte","Picea rubens","Die Rote Fichte ist ein großer Nadelbaum, der bis zu 50 Meter hoch werden kann und oft in kühlen Gebirgen vorkommt. Ihre Nadeln sind kurz, stechend und von bläulich-grüner Farbe. Die Rinde ist dünn und schuppig, oft rötlich-braun gefärbt.","Gerade, schlanke Formen, stachelige Nadeln und hängende, zylindrische Zapfen sind typische Merkmale der Roten Fichte.","Die Rinde der Roten Fichte wird oft von Tieren als Nestmaterial verwendet und die Zapfen können das Zuhause vieler Vögel sein.","Häufig","69038a285f506ef42c8a8210","2025-10-30T15:54:16.253000","2025-12-13T22:39:35.648000","68f74de059737140aeca0a36"
"Bäume","2","Oriental-Buche","Fagus orientalis","Die Oriental-Buche ist ein majestätischer Baum, der vor allem in den Wäldern des Kaukasus und angrenzenden Gebieten verbreitet ist. Sie kann eine Höhe von bis zu 40 Metern erreichen und hat eine glatte, graue Rinde sowie dichte, grüne Blätter.","Die Blätter sind oval bis lanzettlich mit einem gezackten Rand. In der Herbstzeit färben sie sich in ein schönes Gelb und Braun. Die Baumkrone ist breit und schirmförmig, wodurch sie eine markante Silhouette in der Landschaft bildet.","In vielen Kulturen wird die Buche als Baum des Lebens betrachtet, und ihre Holzart ist für die Herstellung von Möbeln und Böden sehr geschätzt.","Häufig","6903620a9686befe85ee3471","2025-10-30T13:03:06.166000","2025-12-13T22:39:36.147000","68ed5acb3c768a7480fef6a0"
"Bäume","11","Holländische Ulme","Ulmus × hollandica","Die Holländische Ulme ist ein großer Laubbaum, der häufig in städtischen und ländlichen Gebieten vorkommt. Sie ist bekannt für ihre weitreichende Kronenform und ihre Robustheit gegenüber städtischen Bedingungen.","Die Blätter sind asymmetrisch und haben eine deutlich ausgeprägte zentrale Nerven mit einer raue Oberflächenstruktur. Charakteristisch sind auch die kleinen, geflügelten Früchte.","Die Holländische Ulme kann bis zu 40 Meter hoch werden und ist ein beliebter Lebensraum für viele Vogelarten.","Häufig","68f8ffd762046f43ef34205b","2025-10-22T16:01:27.929000","2025-12-13T22:39:36.673000","68f8f0041bf0d5d35a22d795"
"Blumen","66","Blauer Eisenhut","Aconitum napellus","Der Blaue Eisenhut ist eine giftige Staude, die vor allem in Gebirgen und auf feuchten Wiesen vorkommt. Die Pflanze ist für ihre tiefblauen, charakteristischen Blüten bekannt, die im Spätsommer blühen.","Eisenhut hat große, schmale Blätter, die in Handform angeordnet sind, und die Blüten sind traubenförmig und meist intensiv blau gefärbt. Die Pflanze kann bis zu 1,5 Meter hoch werden.","Der Blaue Eisenhut enthält giftige Alkaloide, und schon der Verzehr einer kleinen Menge kann gefährlich sein!","Gelegentlich","68f8ff1e3e2c667cbb4734f1","2025-10-22T15:58:22.060000","2025-12-13T22:39:37.139000","68f8f0041bf0d5d35a22d795"
"Sträucher","30","Gewöhnlicher Rauchbaum","Cotinus coggygria","Der Gewöhnliche Rauchbaum ist ein laubabwerfender Strauch, der für seine auffälligen, gefransten Blütenstände bekannt ist, die im Sommer wie Rauch erscheinen. Seine Blätter zeigen im Herbst schöne, leuchtende Farben von gelb über orange bis rot.","Die charakteristischen Merkmale sind die großen, handförmigen Blätter und die gefiederten, rauchähnlichen Blütenstände. Die Blüten sind unauffällig, aber die Fruchtstände sind sehr dekorativ und können bis in den Herbst hinein sichtbar bleiben.","Der Rauchbaum wird oft in Gärten gepflanzt, weil er Schmetterlinge anzieht und dekorative Fruchtstände hat, die wie Rauch aussehen und daher zu seinem Namen führten.","Häufig","68f8fe8a62046f43ef3412a9","2025-10-22T15:55:54.875000","2025-12-13T22:39:37.652000","68ed5acb3c768a7480fef6a0"
"Sträucher","30","Gewöhnlicher Essigbaum","Cotinus coggygria","Der Gewöhnliche Essigbaum ist ein mittelgroßer Strauch oder kleiner Baum, der besonders für seine auffälligen Blätter und die gefärbten Blütenstände bekannt ist. Er hat eine charakteristische, rauchige Blütenpracht und ist in den Sommermonaten ein echter Blickfang.","Die Blätter sind oval und haben eine glatte Oberfläche. Die Blütenstände sind weich und scheinen wie Rauch zu schweben, was der Pflanze ihren Namen gibt. Die herbstlichen Farben variieren von Gelb bis Rot.","Die Pflanze wurde früher zur Herstellung von Essig verwendet, was ihr den Namen 'Essigbaum' einbrachte!","Gelegentlich","68f8fe84fe11a465aeb6fb5a","2025-10-22T15:55:48.392000","2025-12-13T22:39:38.173000","68f8f0041bf0d5d35a22d795"
"Sträucher","29","Kleinblütige-Mandel","Dasiphora fruticosa","Die Kleinblütige-Mandel ist ein zierlicher Strauch, der vor allem in trockenen und frischen Wäldern zu finden ist. Sie zeichnet sich durch ihre leuchtend gelben Blüten aus, die von Juni bis September blühen.","Die Pflanze hat gefiederte Blätter und zeigt typischerweise kleine, gelbe Blüten mit fünf Blütenblättern. Die Früchte sind kleine, behaarte Nüsschen.","Die Blüten der Kleinblütigen-Mandel sind eine hervorragende Nahrungsquelle für viele Insekten, besonders Bienen und Schmetterlinge.","Gelegentlich","68f8fd8b84dd16fec540ad6c","2025-10-22T15:51:39.018000","2025-12-13T22:39:38.648000","68ed5acb3c768a7480fef6a0"
"Sträucher","29","Gewöhnlicher Fingerstrauch","Dasiphora fruticosa","Der Gewöhnliche Fingerstrauch ist ein verbreiteter Strauch, der oft in lichten Wäldern und auf Wiesen vorkommt. Er zeichnet sich durch seine leuchtend gelben Blüten und die gefiederten Blätter aus, die ihm ein attraktives Aussehen verleihen.","Die Pflanzen haben gefiederte Blätter mit 5-7 Fiederblättchen. Die Blüten sind goldgelb und haben fünf Blütenblätter, die in dichten Trauben erscheinen.","Der Fingerstrauch kann in schwierigen Umgebungen wachsen und ist oft zur Begrünung von Hängen und als Bienenweide beliebt.","Häufig","68f8fd87f4dfd4fc34bb3745","2025-10-22T15:51:35.243000","2025-12-13T22:39:39.179000","68f8f0041bf0d5d35a22d795"
"Sträucher","7","Ovalblättriger Liguster","Ligustrum ovalifolium","Der Ovalblättrige Liguster ist ein immergrüner Strauch, der vor allem als Hecke und zur Begrünung verwendet wird. Seine ovalen Blätter sind dunkelgrün und glänzend, und er bildet kleine, weiße Blüten in Trauben während des Sommers.","Die ovalen, glänzenden Blätter sind charakteristisch, ebenso wie die weißen Blüten, die im Sommer erscheinen. Im Herbst entwickeln sich schwarze Beeren.","Der Liguster ist nicht nur schön, sondern auch für Vögel attraktiv, da sie die Beeren fressen und Nester in seinen dichten Zweigen bauen.","Häufig","68f8fd1b9b00e891cfcba72b","2025-10-22T15:49:47.195000","2025-12-13T22:39:39.683000","68f8f0041bf0d5d35a22d795"
"Blumen","64","Lanzett-Pionier","Symphyotrichum lanceolatum","Der Lanzett-Pionier ist eine mehrjährige, krautige Pflanze, die vor allem in feuchten Wiesen und Uferzonen vorkommt. Sie zeichnet sich durch ihre lanzettlichen, grünen Blätter und die charakteristischen, leuchtend blauen bis lilafarbenen Blütenköpfe aus.","Lanzettartige Blätter, die in einer Rosette wachsen, und Blütenköpfe mit zahlreichen strahlenförmigen Blütenblättern.","Die Blüten des Lanzett-Pioniers sind sehr beliebt bei Schmetterlingen und anderen Bestäubern, die sie gern aufsuchen!","Häufig","68f8fc9be7475c7dbe52f6d1","2025-10-22T15:47:39.596000","2025-12-13T22:39:40.524000","68ed5acb3c768a7480fef6a0"
"Sträucher","28","Efeu","Hedera hibernica","Der Efeu ist eine kriechende und kletternde Pflanze, die oft an Mauern, Bäumen und anderen Strukturen wächst. Er kann sowohl grüne als auch buntlaubige Sorten haben und ist immergrün, was bedeutet, dass er auch im Winter seine Blätter behält.","Efeu hat charakteristische, handförmige Blätter mit 3 bis 5 Lappen. Die Blätter sind glänzend und dunkelgrün, während die Blüten klein und unscheinbar sind, in großen Dolden angeordnet und typisch für die Pflanze sind.","Wusstest du, dass Efeu ein beliebter Lebensraum für viele Tiere ist? Vögel nutzen ihn gerne als Nistplatz!","Häufig","68f8fc382647498e4e271921","2025-10-22T15:46:00.194000","2025-12-13T22:39:41.025000","68ed5acb3c768a7480fef6a0"
"Sträucher","28","Gewöhnlicher Efeu","Hedera helix","Der Gewöhnliche Efeu ist eine immergrüne Kletterpflanze, die an Wänden, Bäumen oder anderen Objekten emporrankt. Er hat charakteristische, dunkelgrüne Blätter und kann bis zu 20 Meter hoch wachsen. Die Pflanze ist bekannt für ihre Fähigkeit, in schattigen und feuchten Umgebungen zu gedeihen.","Die Blätter sind oft herzförmig und haben eine glänzende Oberfläche, die Rinde ist braun und kann mit der Zeit verholzen. Charakteristisch sind die gelben Blüten, die im Herbst erscheinen und sich zu dunklen Beeren entwickeln.","Efeu ist nicht nur eine schöne Pflanze, sondern auch ein wichtiger Lebensraum für Vögel und Insekten. Zudem kann er helfen, die Luft zu reinigen!","Häufig","68f8fc1efda9ed42a149cd32","2025-10-22T15:45:34.447000","2025-12-13T22:39:41.488000","68f8f0041bf0d5d35a22d795"
"Sträucher","19","Gewöhnliche Weigelie","Weigela florida","Die Gewöhnliche Weigelie ist ein attraktiver Strauch, der für seine auffälligen, trichterförmigen Blüten bekannt ist. Diese Pflanzen blühen im späten Frühling und ziehen zahlreiche Bestäuber an. Ihre Blätter sind grün und oval, was dem Strauch eine schöne Form verleiht.","Typisch sind die rosafarbenen bis weißen Blüten und die glänzenden, grünen Blätter. Der Strauch kann bis zu 2 Meter hoch werden und hat eine dichte, aufrechte Wuchsform.","Die Blüten der Weigelie sind nicht nur schön, sondern bieten auch Nektar für Bienen und Schmetterlinge, was sie zu einer großartigen Pflanze für einen bienenfreundlichen Garten macht!","Häufig","68f8fb469b00e891cfcb99c9","2025-10-22T15:41:58.938000","2025-12-13T22:39:41.991000","68f8f0041bf0d5d35a22d795"
"Sträucher","19","Bunte-Weigelie","Weigela hortensis","Die Bunte-Weigelie ist ein attraktiver Strauch, der für seine auffälligen Blüten bekannt ist. Sie blüht im Frühjahr und bietet eine Vielzahl von Blütenfarben, darunter rosa und weiß.","Die Bunte-Weigelie hat eine charakteristische, hängende Blütenform und ovale, grüne Blätter. Ihre Blüten erscheinen in trichterförmigen Formen, die in Gruppen wachsen.","Die Blüten der Weigelie ziehen viele Bestäuber wie Schmetterlinge an, weshalb sie oft in Schmetterlingsgärten gepflanzt wird.","Gelegentlich","68f8fb41a08eff4b2550576e","2025-10-22T15:41:53.417000","2025-12-13T22:39:42.523000","68ed5acb3c768a7480fef6a0"
"Bäume","8","Serbische Fichte","Picea omorika","Die Serbische Fichte ist ein immergrüner Baum, der in den Gebirgen des Balkans heimisch ist. Sie erreicht eine Wuchshöhe von 30 bis 40 Metern und hat eine schmale, kegelförmige Krone.","Die Nadeln sind kurz, steif und dunkelgrün; die Zapfen sind schmal und zylindrisch. Ein typisches Merkmal sind die hängenden Äste.","Die Serbische Fichte wird oft als Weihnachtsbaum verwendet, da sie sehr schön aussieht und ihren Duft über einen langen Zeitraum behält.","Gelegentlich","68f8f9a75459467882a24730","2025-10-22T15:35:03.974000","2025-12-13T22:39:43.001000","68ed5acb3c768a7480fef6a0"
"Bäume","7","Arve","Pinus cembra","Die Zirbe ist ein immergrüner Baum, der in den Alpen und anderen Gebirgen Europas wächst. Sie ist bekannt für ihr aromatisches Holz und die charakteristische, schneeartige Nadelform.","Die Zirbe besitzt lange, weiche Nadeln, die in Gruppen zu fünf zusammenstehen. Der Baum hat eine breite, kegelförmige Krone und bildet rötlich-braune, flache Zapfen.","Zirbenholz hat einen angenehmen Duft und soll einen beruhigenden Effekt auf den Schlaf haben, weshalb viele Menschen Zirbenmöbel für ihr Schlafzimmer bevorzugen.","Häufig","68f8f955f82d4b735b243bcc","2025-10-22T15:33:41.297000","2025-12-13T22:39:43.441000","68f8f0041bf0d5d35a22d795"
"Sträucher","4","Apfel-Rose","Rosa rugosa","Die Rosa rugosa, auch als Apfel-Rose bekannt, ist ein meist strauchiger Zierstrauch mit duftenden, gefüllten Blüten, die in verschiedenen Farbtönen auftreten, meistens in Rosa oder Weiß. Diese Pflanze ist besonders robust und pflegeleicht.","Die Blätter sind dunkelgrün, gefiedert und ledrig. Die Blüten sind groß, voll und duftend, mit vielen Blütenblättern und erscheinen oft in Gruppen.","Die Rosa rugosa ist besonders bekannt für ihre Haltbarkeit und ihre Fähigkeit, sich an verschiedene Bodenverhältnisse anzupassen. Ihre Früchte, die Hagebutten, sind essbar und reich an Vitamin C.","Häufig","68f8f8404afc4e61ef489437","2025-10-22T15:29:04.164000","2025-12-13T22:39:43.921000","68f8f0041bf0d5d35a22d795"
"Sträucher","26","Dreilappige-Jungfernrebe","Parthenocissus tricuspidata","Die Dreilappige Jungfernrebe ist eine kletternde Pflanze, die an Wänden, Zäunen und Bäumen emporranken kann. Sie ist für ihr dekoratives Blattwerk bekannt, das sich im Herbst färbt.","Die Blätter sind dreilappig und erinnern an die Form eines Ahorns. Im Herbst färben sie sich leuchtend rot und orange. Die Pflanze trägt kleine, grünliche Blüten, gefolgt von blauen Trauben.","Die Blätter der Dreilappigen Jungfernrebe können eine riesige Fläche abdecken und bieten Lebensraum für verschiedene Tierarten.","Gelegentlich","68f8f80cf4dfd4fc34bb14f7","2025-10-22T15:28:12.081000","2025-12-13T22:39:44.406000","68f8f0041bf0d5d35a22d795"
"Sträucher","27","Dreilappige-Weinrebe","Parthenocissus tricuspidata","Die Dreilappige Weinrebe ist eine kletternde Pflanze, die häufig an Fassaden oder Zäunen zu finden ist. Sie besitzt charakteristische, dreilappige Blätter und trägt im Herbst leuchtend rote Blätter. Die Pflanze ist bekannt für ihre Fähigkeit, sich leicht an verschiedenen Oberflächen festzukrallen.","Die Haupterkennungsmerkmale sind die dreilappigen Blätter und die samtige Oberfläche der jungen Triebe. Im Herbst färben sich die Blätter intensiv rot.","Die Dreilappige Weinrebe kann bis zu 20 Meter hoch klettern und ihre Blätter sind auch eine wichtige Nahrungsquelle für bestimmte Schmetterlingsarten.","Häufig","68f8f7fdabd7403e12d08a70","2025-10-22T15:27:57.349000","2025-12-13T22:39:44.931000","68ed5acb3c768a7480fef6a0"
"Bäume","16","Echter Lorbeer","Prunus laurocerasus","Der Echter Lorbeer, auch als Lorbeerkirsche bekannt, ist ein immergrüner Strauch, der in Mitteleuropa häufig als Zierpflanze und in Gärten verwendet wird. Er zeichnet sich durch seine glänzenden, dunkelgrünen Blätter aus und kann bei optimalen Bedingungen bis zu 4 bis 5 Meter hoch wachsen.","Helle, duftende Blüten, die im Frühling erscheinen, und die typischen, glänzenden, laubförmigen Blätter. Die häufigste Verwendung sind die Blätter, die als Gewürz in der Küche verwendet werden.","Wusstest du, dass die Lorbeerblätter in der Antike oft zur Krönung von Siegern bei Olympischen Spielen verwendet wurden?","Häufig","68f8f78ab5d64518e9ef7bcd","2025-10-22T15:26:02.406000","2025-12-13T22:39:45.466000","68f8f0041bf0d5d35a22d795"
"Sträucher","26","Pontischer Rhododendron","Rhododendron ponticum","Der Pontische Rhododendron ist ein immergrüner Strauch, der für seine attraktiven Blüten bekannt ist. Die Pflanze kann in verschiedenen Farben blühen, darunter lila, rosa und weiß. Sie wächst bevorzugt in sauren, feuchten Böden und ist oft in Wäldern und Gebirgen zu finden.","Die auffälligsten Merkmale sind die großen, leathery Blätter und die kugeligen Blütenstände mit zahlreichen Blüten. Im Frühjahr erscheinen die Blüten und zieht viele Insekten an.","Die Blüten des Rhododendron sind nicht nur schön anzusehen, sondern sie können auch eine wichtige Nahrungsquelle für Bienen und Schmetterlinge sein!","Gelegentlich","68f8f754b5dd1047324d9e1b","2025-10-22T15:25:08.401000","2025-12-13T22:39:45.931000","68ed5acb3c768a7480fef6a0"
"Bäume","1","Weich-Eiche","Quercus velutina","Die Weich-Eiche ist ein mächtiger Baum, der typischerweise in feuchten, kühlen Regionen wächst. Sie hat eine breite Krone und kann bemerkenswerte Höhen erreichen. Ihre Blätter sind tief eingeschnitten und weisen eine ovale Form auf.","Die Weich-Eiche hat charakteristische, tief eingeschnittene Blätter und eine rissige, graue Borke. Ihre Eicheln sind klein bis mittelgroß und reifen im Herbst.","Die Eichen sind wichtige Lebensräume für viele Tiere, darunter Eichhörnchen und Vögel, die in ihren Ästen nisten.","Häufig","68f8f6c9ecb24a91ab16c4b2","2025-10-22T15:22:49.643000","2025-12-13T22:39:46.433000","68ed5acb3c768a7480fef6a0"
"Sträucher","4","Vielflämmige-Rose","Rosa multiflora","Die Vielflämmige Rose ist ein stark wachsender, mehrjähriger Strauch, der für seine rötlichen bis rosafarbenen Blüten bekannt ist. Sie bildet dichte, aufrechte Sträucher und hat oft dornige Triebe. Diese Art wird häufig als Zierpflanze in Gärten und als Sichtschutz verwendet.","Hervorstechend sind die kleinen, gefüllten Blüten in Traubenform, die zahlreichen dornigen Triebe und die glänzenden, grünen Blätter. Die Blüten erscheinen im Sommer und sind sehr anziehend für Bienen.","Die Vielflämmige Rose ist bekannt dafür, dass sie durch ihre vielen Samen sehr gut verbreitet werden kann und oft als ""Bienenmagnet"" gilt, da sie viele Insekten anzieht.","Häufig","68f8ef236f019efeca7db339","2025-10-22T14:50:11.779000","2025-12-13T22:39:46.955000","68f74de059737140aeca0a36"
"Blumen","65","Gewöhnliches Hornblatt","Hippuris vulgaris","Hippuris vulgaris, bekannt als Gewöhnliches Hornblatt, ist eine wasserlebende Pflanze, die typischerweise in Flüssen, Seen und anderen stehenden Gewässern vorkommt. Sie hat lange, schmale Blätter, die die Form von Horn haben, und bildet dichte Bestände.","Die Pflanze hat schmale, lineare Blätter, die in quirlartigen Gruppen am oberen Ende der Stängel wachsen. Die Blüten sind unscheinbar und klein.","Das Hornblatt ist ein wichtiger Lebensraum für viele Wasserlebewesen und kann bei der Verbesserung der Wasserqualität helfen.","Häufig","68f8ee5852087730e11f3e79","2025-10-22T14:46:48.467000","2025-12-13T22:39:47.447000","68f74de059737140aeca0a36"
"Blumen","64","Neuer-Belgien-Aster","Symphyotrichum novi-belgii","Der Neue-Belgien-Aster ist eine mehrjährige Blume, die typischerweise in Gärten und an Straßenrändern vorkommt. Die Pflanze zeichnet sich durch ihre zahlreichen kleinen blauen, lila oder weißen Blüten aus, die von August bis Oktober blühen.","Die Pflanze hat behaarte, aufrechte Stängel und lanzettliche Blätter. Die Blüten sind körbchenartig und stehen in lockeren Trauben zusammen.","Der Neue-Belgien-Aster zieht viele Schmetterlinge und Bienen an, was ihn zu einer wichtigen Pflanze für die Bestäubung macht.","Häufig","68f8ee30329446d71ce22283","2025-10-22T14:46:08.789000","2025-12-13T22:39:47.983000","68f74de059737140aeca0a36"
"Sträucher","9","Weißer Hartriegel","Cornus alba","Der Weiße Hartriegel ist ein schnellwachsender Strauch, bekannt für seine auffälligen weißen Blüten und die markanten roten Zweige im Winter. Diese Pflanze ist sowohl als Ziergehölz als auch für die Landschaftsgestaltung beliebt.","Die auffälligen weißen Blüten erscheinen im Frühling und sind in Dolden angeordnet. Im Herbst färben sich die Blätter rot, und die roten Äste sind charakteristisch für diese Art.","Die Dicke seiner Rinde macht ihn sehr widerstandsfähig gegen Tiere und Verletzungen, wodurch er eine beliebte Wahl für Gärten ist.","Häufig","68f8ed8bfe7e08a63617b698","2025-10-22T14:43:23.892000","2025-12-13T22:39:48.460000","68f74de059737140aeca0a36"
"Blumen","7","Gewöhnliches Wermut","Artemisia verlotiorum","Das Gewöhnliche Wermut ist eine mehrjährige Pflanze, die häufig in trockenen, sonnigen Gebieten wächst. Sie hat graugrüne, gefiederte Blätter und produziert im Spätsommer kleine, gelbe Blüten.","Die Pflanze hat gefiederte Blätter mit einem intensiven, aromatischen Duft und gelbe Blütenköpfe, die in ährenartigen Trauben angeordnet sind.","Der Wermut wird oft zur Herstellung von Absinth und anderen alkoholischen Getränken verwendet!","Häufig","68f8ed4df38924351e5dd1c8","2025-10-22T14:42:21.389000","2025-12-13T22:39:49.030000","68f74de059737140aeca0a36"
"Blumen","63","Echte Ringelblume","Calendula officinalis","Die Echte Ringelblume ist eine farbenfrohe Pflanze, die häufig in Gärten zu finden ist. Sie zeichnet sich durch ihre leuchtend gelben oder orangefarbenen Blüten aus, die sowohl dekorativ als auch nützlich sind, da sie in der traditionellen Heilkunde verwendet werden.","Die Pflanze hat auffällige, korbblütenartige Blüten, die aus vielen strahlenförmig angeordneten Blütenblättern bestehen. Ihre Blätter sind grün und gezähnt, und sie wachsen in einer Rosette an der Basis.","Die Blütenblätter der Ringelblume können essbar sein und wurden oft zur Herstellung von natürlichen Farbstoffen und in Salaten verwendet.","Häufig","68f8ed2e464742d9b24ecdce","2025-10-22T14:41:50.866000","2025-12-13T22:39:49.492000","68f74de059737140aeca0a36"
"Bäume","11","Flatter-Ulme","Ulmus laevis","Die Flatter-Ulme ist ein Baum, der vor allem in feuchten Gebieten und entlang von Flussufern wächst. Sie hat eine breite, ausladende Krone und kann eine Höhe von bis zu 30 Metern erreichen. Ihre Blätter sind asymmetrisch und haben eine raue Oberseite.","Die Flatter-Ulme hat große, asymmetrische Blätter mit einer rauen Textur und einer spitzen Spitze. Ihre Rinde ist graubraun und fissuriert. Die Baumkrone ist breit und schirmförmig.","Die Flatter-Ulme kann Wasserniveaus regulieren und trägt zur Stabilität von Uferbereichen bei, was sie für die Natur sehr wichtig macht.","Häufig","68f8ed0cc5407fc64b5eba70","2025-10-22T14:41:16.933000","2025-12-13T22:39:49.959000","68f74de059737140aeca0a36"
"Sträucher","25","Teppich-Zwergmispel","Cotoneaster dammeri","Die Kranz-Wolfsmilch ist ein immergrüner Strauch, der für seine schmalen, fleischigen Blätter und die auffälligen gelben Blüten bekannt ist. Sie erreicht eine Höhe von 30 bis 50 cm und bildet dichte Bestände.","Hauptmerkmale sind die spiralförmig angeordneten, fleischigen Blätter und die strahlend gelben Blütenstände, die im Frühling und Sommer erscheinen.","Die Kranz-Wolfsmilch produziert einen milchigen Saft, der giftig ist, aber früher zur Behandlung von verschiedenen Krankheiten genutzt wurde!","Gelegentlich","68f74e2e7e56faff550dc351","2025-10-21T09:11:10.519000","2026-02-15T18:08:41.379000","68ed5acb3c768a7480fef6a0"
"Blumen","41","Oregano","Origanum vulgare","Oregano ist eine aromatische Pflanze, die häufig in der Küche verwendet wird, insbesondere in der mediterranen Küche. Die Pflanze hat kleine, lila-blühende Blüten und hat einen starken, charakteristischen Geruch.","Oregano hat gegenständige, ovale Blätter und kann bis zu 80 cm hoch werden. Die Blüten sind lila oder rosa und erscheinen in dichten, zapfenförmigen Trauben.","Wusstest du, dass Oregano nicht nur für Essen verwendet wird, sondern auch als Heilpflanze gilt? Früher wurde Oregano oft verwendet, um Erkältungen und Husten zu lindern!","Häufig","68f41b94ddc052bad59b9d68","2025-10-18T22:58:28.533000","2025-12-13T22:39:51.067000","68f4195be5818d87380a2ba2"
"Blumen","9","Dill","Anethum graveolens","Der Dill ist ein einjähriges Kraut mit feinen, gefiederte Blättern und kleinen gelben Blüten, die in Dolden angeordnet sind. Er wird oft als Gewürz verwendet und verleiht vielen Gerichten, insbesondere Gurken, einen besonderen Geschmack.","Die Blätter sind schmal und fädig, die Blütenstände sind doldenartig und haben eine goldgelbe Farbe. Der Duft des Dills ist sehr aromatisch und charakteristisch.","Wusstest du, dass Dill eine der ältesten Gewürzpflanzen der Welt ist? Die alten Ägypter verwendeten ihn zur Konservierung von Lebensmitteln und als Heilpflanze!","Häufig","68f41b5f31871f2d37a75c00","2025-10-18T22:57:35.434000","2025-12-13T22:39:51.582000","68f4195be5818d87380a2ba2"
"Blumen","6","Basilikum","Ocimum basilicum","Basilikum ist ein aromatisches Kraut, das vor allem in der mediterranen Küche Verwendung findet. Es hat grüne, zarte Blätter und eine charakteristische würzige Note, die viele Gerichte bereichert.","Die Blätter sind gegenständig, oval bis ellpitisch und glänzend. Die kleinen weißen bis violetten Blüten stehen in Scheinquirlen und sind in der Regel von Juni bis September zu sehen.","Wusstest du, dass Basilikum oft 'Königskraut' genannt wird? In vielen Kulturen gilt es als Symbol für Liebe und Glück!","Häufig","68f41aeb417cc8b75d639a47","2025-10-18T22:55:39.776000","2025-12-13T22:39:52.093000","68f4195be5818d87380a2ba2"
"Bäume","13","Silber-Pappel","Populus alba","Die Silber-Popel ist ein großer Laubbaum, der in feuchten Gebieten und an Flussufern wächst. Sie hat auffällige, silbrige Blätter und kann bis zu 30 Meter hoch werden.","Sie erkennt man an den großen, herzförmigen Blättern mit silberner Unterseite und der glatten oder leicht rissigen Rinde.","Die Pappeln sind sehr schnell wachsend und können in nur wenigen Jahren zu großen Bäumen heranwachsen – perfekt für Nester von Vögeln!","Häufig","68f3b6163e1cc239bbafffab","2025-10-18T15:45:26.785000","2025-12-13T22:39:52.582000","68ed5acb3c768a7480fef6a0"
"Sträucher","16","Geißblatt","Lonicera ligustrina","Das Geißblatt ist ein heimischer Strauch, der vor allem in lichten Wäldern und Gebüschen vorkommt. Die Pflanze ist für ihre attraktiven Blüten bekannt, die bei Bienen und anderen Insekten beliebt sind.","Die Blätter sind oval und gegenüberliegend angeordnet, die Blüten sind röhrenförmig und häufig cremefarben bis gelblich.","Die Beeren des Geißblattes sind bei Vögeln sehr beliebt, aber für Menschen sind sie ungenießbar und leicht giftig!","Gelegentlich","68f3b3b8b6084d29fa481ace","2025-10-18T15:35:20.427000","2025-12-13T22:39:53.130000","68f3785afdd3d9f94405258e"
"Sträucher","4","Österreichische Rose","Rosa gallica","Die Rosa gallica, auch als Österreichische Rose bekannt, ist ein hübscher Strauch, der für seine gefüllten, duftenden Blüten geschätzt wird. Diese Art ist aufgrund ihrer Robustheit und der großen Farbvielfalt sehr beliebt im Garten.","Die Blüten sind meist tiefrosa bis purpurrot und haben eine hohe Blütenzahl. Die Blätter sind gefiedert und glänzend, die Stängel sind mit kräftigen Dornen besetzt.","Die Rosa gallica ist eine der ältesten Rosensorten und wurde schon im Altertum als Zierpflanze und für Parfums verwendet.","Häufig","68f3b38d0a39c1eacd49331e","2025-10-18T15:34:37.552000","2025-12-13T22:39:53.636000","68f3785afdd3d9f94405258e"
"Bäume","14","Asch-Weide","Salix atrocinerea","Die Asch-Weide ist ein kleiner bis mittelgroßer Baum, der häufig an Gewässern wächst. Sie zeichnet sich durch ihre geschwungenen, hängenden Zweige aus. Diese Weidenart ist bekannt für ihre schnellen Wachstumsraten und ihre Anpassungsfähigkeit an unterschiedliche Bodenbedingungen.","Dünne, lange, hängende Äste; schmale, längliche Blätter mit einer hellgrünen Oberseite und einer silbergrünen Unterseite; gelbgrüne Blütenkätzchen im Frühling.","Asch-Weiden sind wichtige Pflanzen für Insekten und Vögel, da sie früh im Jahr blühen und Nahrung bieten!","Häufig","68f3aecebfb4bb86626ef322","2025-10-18T15:14:22.371000","2025-12-13T22:39:54.370000","68ed5acb3c768a7480fef6a0"
"Blumen","59","Endivie","Cichorium endivia","Cichorium endivia, auch bekannt als Endiviensalat, ist eine Blattgemüse-Pflanze, die zur Familie der Korbblütler gehört. Sie ist für ihre bitteren, knackigen Blätter bekannt, die gerne in Salaten verwendet werden.","Die Pflanze hat gezackte, unregelmäßige Blätter und kann bis zu einem Meter hoch werden. Ihre Blüten sind leuchtend blau und wachsen in Körben, ähnlich wie bei anderen Korbblütlern.","Wusstest du, dass Endivien vor allem in der Küche als Salat verwendet werden, weil sie sehr gesund sind?","Gelegentlich","68f3a42487d649191845f0de","2025-10-18T14:28:52.375000","2025-12-13T22:39:54.942000","68ed5acb3c768a7480fef6a0"
"Sträucher","3","Brombeere","Rubus caesius","Die Brombeere (Rubus caesius) ist ein strauchiger Fruchttragender, der vor allem in Böschungen und Wäldern zu finden ist. Sie hat lange, dornenbewehrte Triebe und bringt schmackhafte, dunkle Früchte hervor, die im Spätsommer reifen.","Die Hauptmerkmale sind die langen, kriechenden Triebe mit Stacheln und die gefiederten Blätter, die eine gezackte Kante haben. Die Blüten sind weiß bis rosa und wachsen in dichten Trauben.","Wusstest du, dass die reifen Brombeeren nicht nur lecker sind, sondern auch gut für deine Gesundheit? Sie enthalten viele Vitamine und können helfen, dich fit zu halten!","Häufig","68f39c82d915995680998d0a","2025-10-18T13:56:18.005000","2025-12-13T22:39:55.428000","68f3785afdd3d9f94405258e"
"Sträucher","24","Gewöhnliche Schneebeere","Symphoricarpos albus","Der Gewöhnliche Schneebeere ist ein strauchartiger Pflanzen mit einer Höhe von bis zu 2 Metern. Er ist bekannt für seine weißen, beerigen Früchte und seine resistente Natur, die ihn in vielen Gärten beliebt macht.","Weiße, kugelige Beeren, die in Trauben wachsen, sowie runde, grüne Blätter, die sich im Herbst gelb färben.","Die Beeren sind zwar hübsch, aber giftig! Sie sind nicht zum Verzehr geeignet und sollten nicht gegessen werden.","Häufig","68f39bbd0fd2620776b7e337","2025-10-18T13:53:01.189000","2025-12-13T22:39:55.981000","68f3785afdd3d9f94405258e"
"Bäume","5","Holländische Linde","Tilia × europaea","Die holländische Linde ist ein Hybride seiner zweier Artgenossen, der das Unterscheiden der herrkömmlichen Linden erschwert.","Herzförmige Blätter, gelbe bis weiße Blüten in schirmartigen Trauben, und die rissige, graue Rinde bei älteren Bäumen.","Wusstest du, dass die Blüten der Linde bei Bienen sehr beliebt sind? Sie produzieren viel Honig aus den Blütennektar.","Häufig","68f39af14ebdd54598c5c400","2025-10-18T13:49:37.287000","2025-12-13T22:39:56.472000","68f3785afdd3d9f94405258e"
"Bäume","13","Grau-Pappel","Populus × canescens","Die Silber-Pappel ist ein schnell wachsender Baum, der in feuchten Gebieten häufig vorkommt. Sie zeichnet sich durch ihre silbrig glänzenden Blätter und eine hohe Anpassungsfähigkeit an verschiedene Böden aus.","Die Silber-Pappel hat charakteristische dreieckige bis eiförmige Blätter, die auf der Unterseite silbrig behaart sind. Der Stamm kann eine glatte, graue Rinde aufweisen, während die Krone eine breite, ausladende Form hat.","Wusstest du, dass Pappeln bei starkem Wind wie ein Tänzer im Sturm hin und her bewegen? Ihr schnelles Wachstum und die Flexibilität ihrer Äste helfen ihnen, starkem Wind standzuhalten!","Häufig","68f3980893b8b84278fe6ec1","2025-10-18T13:37:12.853000","2025-12-13T22:39:56.985000","68ed5acb3c768a7480fef6a0"
"Blumen","52","Geranium","Geranium pyrenaicum","Der Pyrenäen-Storchschnabel ist eine mehrjährige, krautige Pflanze, die in feuchten Wiesen und an Wegesrändern vorkommt. Er hat auffällige, violette bis blaue Blüten und gezackte Blätter, die eine aromatische Duftnote haben.","Die Blüten sind strahlend violett bis blau und bestehen aus fünf Blütenblättern. Die Blätter sind handförmig und stark gezähnt, was sie leicht erkennbar macht.","Die Samen des Storchschnabels werden durch das Zuschnappen der Fruchtkapseln zerstreut, ähnlich einer kleinen Schleuder, was für Kinder sehr spannend zu beobachten ist!","Gelegentlich","68f3971f1986031559118ba2","2025-10-18T13:33:19.008000","2025-12-13T22:39:57.466000","68ed5acb3c768a7480fef6a0"
"Sträucher","23","Gezähnte Feuerdorn","Pyracantha crenulata","Der Gezähnte Feuerdorn ist ein immergrüner Strauch, der für seine leuchtenden Beeren bekannt ist, die im Herbst reifen. Er wird häufig als Zierpflanze in Gärten verwendet und ist auch für Hecken geeignet, da er durch seine Dornen gut geschützt ist.","Der Strauch hat glänzende, lanzettliche Blätter und trägt im Herbst auffällige, rote, orange oder gelbe Beeren. Die Dornen sind spitz und können bis zu 3 cm lang werden.","Die Beeren des Gezähnten Feuerdorns können Vögel anlocken, die sie fressen und dabei helfen, die Pflanze zu verbreiten!","Gelegentlich","68f0d9e6701b606be2382243","2025-10-16T11:41:26.275000","2025-12-13T22:39:58.019000","68ed5acb3c768a7480fef6a0"
"Blumen","28","Knitzelblume","Picris hieracioides","Die Knitzelblume ist eine mehrjährige krautige Pflanze, die vor allem auf Wiesen und in trockenen, sonnigen Gebieten wächst. Ihre auffälligen gelben Blüten erscheinen in sommertlichen Monaten und ziehen viele Bestäuber an.","Die Knitzelblume hat eine aufrechte, verzweigte Wuchsform und trägt lange, lanzettliche Blätter, die oft am Rand gezähnt sind. Die Blütenstände sind körbchenförmig mit leuchtend gelben Blüten, die strahlenförmig angeordnet sind.","Die Knitzelblume verdankt ihren Namen ihrer besonderen Blattform, die beim Berühren ein knisterndes Geräusch von sich gibt!","Gelegentlich","68f0b571e05c98f2d199083f","2025-10-16T09:05:53.216000","2025-12-13T22:39:58.664000","68ed5acb3c768a7480fef6a0"
"Bäume","16","Kirschenpflaume","Prunus cerasifera","Die Kirschenpflaume ist ein kleiner Baum oder Strauch, der für seine glänzenden Blätter und die aromatischen, kleinen Früchte geschätzt wird. Sie blüht im Frühjahr mit auffälligen weißen Blüten und entwickelt im Spätsommer essbare, runde Früchte, die in verschiedenen Farben vorkommen können.","Die Kirschenpflaume hat oval-elongierte Blätter, die einen glatten Rand aufweisen. Die Blüten sind meist weiß und erscheinen vor den Blättern. Die Früchte sind klein, rund und können je nach Sorte rot, gelb oder lila sein.","Die reifen Früchte der Kirschenpflaume sind nicht nur lecker, sie können auch zur Herstellung von Marmelade und Likör verwendet werden!","Gelegentlich","68ef4b5ff037398616f2aa04","2025-10-15T07:21:03.198000","2025-12-13T22:39:59.114000","68ed5acb3c768a7480fef6a0"
"Sträucher","22","Buchsbaum","Buxus sempervirens","Der Buchsbaum ist ein immergrüner Strauch, der sich durch seine dichten, kleinen Blätter auszeichnet. Er ist oft als Heckenpflanze oder zur Formgestaltung in Gärten beliebt.","Die Blätter sind klein, oval und ledrig mit hellgrünen und weißen Varietäten. Die Pflanzen können gut beschnitten werden und sind sehr formbar.","Buchsbaum wurde in der Antike für seine Langlebigkeit und Robustheit geschätzt und findet häufig Verwendung in historischen Gärten.","Gelegentlich","68ee23415eb00b3c1caa2f44","2025-10-14T10:17:37.334000","2025-12-13T22:39:59.674000","68ed5acb3c768a7480fef6a0"
"Sträucher","4","Edelrose","Rosa spp.","Edelrosen sind beliebte Garten- und Schnittblumen, bekannt für ihre großen, auffälligen Blüten und ihren angenehmen Duft.","Große, gefüllte Blüten in verschiedenen Farbvariationen, gefiedertes Laub, Dornen an den Trieben.","Edelrosen sind die am häufigsten verwendeten Blumen bei Hochzeitssträußen und anderen besonderen Anlässen.","Gelegentlich","68ee22e93bb41f3bc3ff4a70","2025-10-14T10:16:09.049000","2025-12-13T22:40:00.210000","68ed5acb3c768a7480fef6a0"
"Blumen","54","Schwarzäugige Susanne","Thunbergia alata","Die Schwarzäugige Susanne ist eine blühende Kletter- oder Staudenpflanze mit markanten, schalenförmigen Blüten und dunklen Augen in der Mitte. Sie haben eine lange Blütezeit und sind ideal für hängende Körbe oder als Bodendecker.","Die Pflanze hat leuchtend orangefarbene bis gelbe Blüten mit dunklen, fast schwarzen, mittleren Punkten. Ihre Blätter sind oval und grün, mit einer glatten Oberfläche.","Diese Pflanzenart kann in wärmeren Klimazonen als mehrjährige Pflanze wachsen, während sie in kälteren Regionen oft als einjährige Pflanze behandelt wird.","Gelegentlich","68ee225612439ef2b6d5311d","2025-10-14T10:13:42.204000","2025-12-13T22:40:00.744000","68ed5acb3c768a7480fef6a0"
"Sträucher","21","Hortensie","Hydrangea macrophylla","Die Hortensie ist ein beliebter Strauch, der große, auffällige Blüten in unterschiedlichen Farben produzieren kann, abhängig von der Bodenchemie.","Große, runde Blütenstände mit vielen einzelnen Blüten; die Blätter sind groß, gezahnt und haben eine glänzende Oberfläche.","Hortensien können ihre Blütenfarbe ändern, je nachdem, ob der Boden sauer oder alkalisch ist: saure Böden bringen blaue Blüten hervor, während alkalische Böden rosa Blüten erzeugen.","Gelegentlich","68ee21c0ab894d2694dffe65","2025-10-14T10:11:12.639000","2025-12-13T22:40:01.199000","68ed5acb3c768a7480fef6a0"
"Blumen","60","Schmalblättriges Weidenröschen","Epilobium angustifolium","Rosa Hochstaude.","Rosa Blütentrauben, schmale Blätter","Besiedelt als erstes Kahlschläge!","Häufig","68ee1d347c317326f385057d","2025-10-14T09:51:48.237000","2025-12-13T22:40:01.703000","68ed5acb3c768a7480fef6a0"
"Blumen","32","Rote Lichtnelke","Silene dioica","Rosa Waldblume.","Rosa Blüten, behaart","Mag halbschattige Standorte!","Häufig","68ee1d33822f0be12d268c01","2025-10-14T09:51:47.956000","2025-12-13T22:40:02.159000","68ed5acb3c768a7480fef6a0"
"Blumen","30","Großblütige Königskerze","Verbascum densiflorum","Hohe Pflanze mit gelbem Blütenstand.","Bis 2m hoch, gelbe Blütenkerze, filzige Blätter","Wurde früher als Fackel verwendet!","Gelegentlich","68ee1d335558586dd42185a0","2025-10-14T09:51:47.695000","2025-12-13T22:40:02.647000","68ed5acb3c768a7480fef6a0"
"Blumen","38","Gewöhnlicher Natternkopf","Echium vulgare","Blaue stachelige Pflanze.","Blaue Trichterblüten, borstige Behaarung","Ändert Blütenfarbe von rosa zu blau!","Häufig","68ee1d330e7ce2128af69e74","2025-10-14T09:51:47.426000","2025-12-13T22:40:03.114000","68ed5acb3c768a7480fef6a0"
"Blumen","13","Roter Fingerhut","Digitalis purpurea","Hohe Pflanze mit glockenförmigen Blüten.","Rosa-lila Glockenblüten an hohem Stängel","Sehr giftig, aber wichtige Herzmedizin!","Gelegentlich","68ee1d339765c716e16dd93c","2025-10-14T09:51:47.142000","2025-12-13T22:40:03.631000","68ed5acb3c768a7480fef6a0"
"Blumen","43","Wiesen-Salbei","Salvia pratensis","Blauviolette Wiesenblume.","Große blauviolette Lippenblüten","Wichtige Nektarquelle für Bienen!","Gelegentlich","68ee1d3214d5ff612a5d50b5","2025-10-14T09:51:46.850000","2025-12-13T22:40:04.093000","68ed5acb3c768a7480fef6a0"
"Blumen","17","Kriechender Günsel","Ajuga reptans","Blauer Bodendecker.","Blaue Lippenblüten, kriechende Ausläufer","Bildet dichte Teppiche!","Häufig","68ee1d32f25e690e6d4fb853","2025-10-14T09:51:46.597000","2025-12-13T22:40:04.597000","68ed5acb3c768a7480fef6a0"
"Blumen","12","Gamander-Ehrenpreis","Veronica chamaedrys","Kleine blaue Frühjahrsblume.","Himmelblaue Blüten mit weißer Mitte","Blüht schon früh im Jahr!","Häufig","68ee1d32341f5da1e6125ead","2025-10-14T09:51:46.338000","2025-12-13T22:40:05.110000","68ed5acb3c768a7480fef6a0"
"Blumen","29","Vogelknöterich","Polygonum aviculare","Niederliegendes Unkraut.","Kriechend, kleine weiße Blüten","Wächst auch auf festgetrampelten Wegen!","Häufig","68ee1d322a6d657873e446ea","2025-10-14T09:51:46.079000","2025-12-13T22:40:05.614000","68ed5acb3c768a7480fef6a0"
"Blumen","4","Wiesen-Bärenklau","Heracleum sphondylium","Große Doldenblütler.","Große geteilte Blätter, weiße Dolden","Nicht verwechseln mit giftigem Riesen-Bärenklau!","Häufig","68ee1d31f08f04d00b167842","2025-10-14T09:51:45.811000","2025-12-13T22:40:06.096000","68ed5acb3c768a7480fef6a0"
"Blumen","3","Echter Baldrian","Valeriana officinalis","Heilpflanze mit rosa Blüten.","Gefiederte Blätter, rosa Blütendolden","Beruhigt und hilft beim Einschlafen!","Häufig","68ee1d3152c32a5a513520d2","2025-10-14T09:51:45.510000","2025-12-13T22:40:06.534000","68ed5acb3c768a7480fef6a0"
"Blumen","7","Gewöhnlicher Beifuß","Artemisia vulgaris","Hochgewachsenes Gewürzkraut.","Graugrüne Blattunterseiten, unscheinbare Blüten","Traditionelles Gewürz für Gänsebraten!","Häufig","68ee1d316cede4733b3b7c28","2025-10-14T09:51:45.220000","2025-12-13T22:40:06.987000","68ed5acb3c768a7480fef6a0"
"Blumen","42","Rainfarn","Tanacetum vulgare","Gelbe knopfartige Blüten.","Gefiederte Blätter, gelbe Knopfblüten","Wurde früher gegen Ungeziefer verwendet!","Häufig","68ee1d30154af56fd01d8cf2","2025-10-14T09:51:44.962000","2025-12-13T22:40:07.521000","68ed5acb3c768a7480fef6a0"
"Blumen","32","Weißes Leimkraut","Silene latifolia","Weiße nachtduftende Blume.","Weiße Blüten, aufgeblasener Kelch","Duftet nachts stärker!","Häufig","68ee1d3052c32a5a513520cb","2025-10-14T09:51:44.691000","2025-12-13T22:40:08.010000","68ed5acb3c768a7480fef6a0"
"Blumen","51","Echter Steinklee","Melilotus officinalis","Gelb blühendes Kraut mit Cumarinduft.","Gelbe Blütentrauben, duftet nach Cumarin","Riecht wie frisch gemähtes Heu!","Häufig","68ee1d30ab894d2694dfebb4","2025-10-14T09:51:44.440000","2025-12-13T22:40:08.457000","68ed5acb3c768a7480fef6a0"
"Blumen","10","Kohl-Kratzdistel","Cirsium oleraceum","Weniger stachelige Distel.","Gelbliche Blüten, weniger stachelig","Mag feuchte Standorte!","Gelegentlich","68ee1d309cd896f65af5621e","2025-10-14T09:51:44.140000","2025-12-13T22:40:08.979000","68ed5acb3c768a7480fef6a0"
"Blumen","10","Acker-Kratzdistel","Cirsium arvense","Stachelige Pflanze mit lila Blüten.","Sehr stachelig, lila Blütenköpfe","Schwer zu bekämpfendes Unkraut!","Häufig","68ee1d2fe7beeb553af39539","2025-10-14T09:51:43.894000","2025-12-13T22:49:53.146000","68ed5acb3c768a7480fef6a0"
"Blumen","50","Topinambur","Helianthus tuberosus","Mehrjährige Sonnenblume mit essbaren Knollen.","Essbare Wurzelknollen, kleinere gelbe Blüten","Die Knollen schmecken leicht nussig und sind gesund!","Selten","68ee1d2fe7beeb553af39537","2025-10-14T09:51:43.631000","2025-12-13T22:49:53.619000","68ed5acb3c768a7480fef6a0"
"Blumen","50","Gewöhnliche Sonnenblume","Helianthus annuus","Die einjährige Sonnenblume mit großen gelben Blütenköpfen.","Einjährig, bis 3 Meter hoch, sehr große Blütenköpfe","Sonnenblumen drehen sich nach der Sonne!","Gelegentlich","68ee1d2fa45038038faf61b5","2025-10-14T09:51:43.236000","2025-12-13T22:49:54.135000","68ed5acb3c768a7480fef6a0"
"Blumen","50","Bastard-Sonnenblume","Helianthus × laetiflorus","Mehrjährige Kreuzung aus verschiedenen Sonnenblumenarten.","Mehrjährig, 1-2 Meter hoch, gelbe Zungenblüten, raue Blätter","Diese Sonnenblume ist eine Kreuzung und kommt wild in Europa vor!","Gelegentlich","68ee1d2ef98bf9a4be434b94","2025-10-14T09:51:42.957000","2025-12-13T22:49:54.571000","68ed5acb3c768a7480fef6a0"
"Blumen","37","Klatschmohn","Papaver rhoeas","Leuchtend rote Ackerblume.","Große rote Blüten, behaarte Stängel","Symbol für gefallene Soldaten!","Häufig","68ee1d2ee7beeb553af39528","2025-10-14T09:51:42.554000","2025-12-13T22:49:55.080000","68ed5acb3c768a7480fef6a0"
"Blumen","2","Stumpfblättriger Ampfer","Rumex obtusifolius","Großes Unkraut.","Große Blätter, lange Blütenstände","Schwer aus dem Garten zu entfernen!","Häufig","68ee1d2eedc86b485f9a6069","2025-10-14T09:51:42.292000","2025-12-13T22:49:55.556000","68ed5acb3c768a7480fef6a0"
"Blumen","2","Sauerampfer","Rumex acetosa","Essbares Wildkraut mit saurem Geschmack.","Pfeilförmige Blätter, rötliche Blütenstände","Schmeckt sauer und ist essbar!","Häufig","68ee1d2e53789e591d2f1baa","2025-10-14T09:51:42.020000","2025-12-13T22:49:56.005000","68ed5acb3c768a7480fef6a0"
"Blumen","21","Gewöhnlicher Hornklee","Lotus corniculatus","Gelbe Schmetterlingsblüten.","Gelbe Blüten, hornförmige Früchte","Die Hülsen sehen aus wie kleine Hörner!","Häufig","68ee1d2de421b600fa648c2e","2025-10-14T09:51:41.715000","2025-12-13T22:49:56.545000","68ed5acb3c768a7480fef6a0"
"Blumen","53","Rote Taubnessel","Lamium purpureum","Kleine rötliche Taubnessel.","Rötliche Blätter und Blüten","Wichtige Bienenweide im Frühjahr!","Häufig","68ee1d2d45b4943675228c09","2025-10-14T09:51:41.471000","2025-12-13T22:49:57.037000","68ed5acb3c768a7480fef6a0"
"Blumen","53","Weiße Taubnessel","Lamium album","Brennnessel-ähnlich aber ohne Brennhaare.","Weiße Lippenblüten, brennt nicht","Sieht aus wie Brennnessel, brennt aber nicht!","Häufig","68ee1d2dfc0550c7118ae985","2025-10-14T09:51:41.224000","2025-12-13T22:49:57.540000","68ed5acb3c768a7480fef6a0"
"Blumen","31","Kletten-Labkraut","Galium aparine","Klebendes Labkraut.","Haftet an Kleidung, weiße Blüten","Bleibt überall hängen!","Häufig","68ee1d2cfc0550c7118ae981","2025-10-14T09:51:40.920000","2025-12-13T22:49:58.174000","68ed5acb3c768a7480fef6a0"
"Blumen","31","Echtes Labkraut","Galium verum","Gelb blühendes Kraut.","Schmale Blätter in Quirlen, gelbe Blütenrispen","Wurde früher zum Käsen verwendet!","Häufig","68ee1d2c9952b9e79ac594f8","2025-10-14T09:51:40.660000","2025-12-13T22:49:58.627000","68ed5acb3c768a7480fef6a0"
"Blumen","47","Wiesen-Schaumkraut","Cardamine pratensis","Zarte rosa Frühjahrsblume.","Rosa Blüten, gefiederte Blätter","Blüht im Frühling auf feuchten Wiesen!","Häufig","68ee1d2c52733a580d9fd902","2025-10-14T09:51:40.399000","2025-12-13T22:49:59.049000","68ed5acb3c768a7480fef6a0"
"Blumen","18","Kriechender Hahnenfuß","Ranunculus repens","Hahnenfuß mit Ausläufern.","Kriechende Ausläufer, gelbe Blüten","Verbreitet sich stark über Ausläufer!","Häufig","68ee1d2c7e78873de5b83c37","2025-10-14T09:51:40.095000","2025-12-13T22:49:59.530000","68ed5acb3c768a7480fef6a0"
"Blumen","18","Scharfer Hahnenfuß","Ranunculus acris","Gelbe Butterblume der Wiesen.","Glänzend gelbe Blüten, geteilte Blätter","Alle Hahnenfußarten sind giftig!","Häufig","68ee1d2b5558586dd421855f","2025-10-14T09:51:39.814000","2025-12-13T22:50:00.123000","68ed5acb3c768a7480fef6a0"
"Blumen","52","Wiesen-Storchschnabel","Geranium pratense","Wiesenpflanze mit blauen Blüten.","Blauviolette Blüten, tief geteilte Blätter","Die Früchte sehen aus wie ein Storchenschnabel!","Häufig","68ee1d2b74df9a9fb09d580c","2025-10-14T09:51:39.537000","2025-12-13T22:50:00.642000","68ed5acb3c768a7480fef6a0"
"Blumen","55","Acker-Stiefmütterchen","Viola arvensis","Kleines wildes Stiefmütterchen.","Kleine dreifarbige Blüten","Wächst auf Äckern!","Häufig","68ee1d2b6cede4733b3b7c09","2025-10-14T09:51:39.269000","2025-12-13T22:50:01.133000","68ed5acb3c768a7480fef6a0"
"Blumen","55","März-Veilchen","Viola odorata","Duftendes Frühlingsveilchen.","Herzförmige Blätter, violette duftende Blüten","Riecht wunderbar nach Frühling!","Häufig","68ee1d2a7e78873de5b83c28","2025-10-14T09:51:38.985000","2025-12-13T22:50:01.635000","68ed5acb3c768a7480fef6a0"
"Blumen","16","Wiesen-Glockenblume","Campanula patula","Größere Glockenblume der Wiesen.","Violettblaue offene Glocken","Mag magere Wiesen!","Gelegentlich","68ee1d2ac2c0fa4f4b46086a","2025-10-14T09:51:38.711000","2025-12-13T22:40:18.346000","68ed5acb3c768a7480fef6a0"
"Blumen","16","Rundblättrige Glockenblume","Campanula rotundifolia","Zierliche blaue Wiesenblume.","Blaue glockenförmige Blüten, schmale Stängelblätter","Die Grundblätter sind rund!","Häufig","68ee1d2a822f0be12d268bb4","2025-10-14T09:51:38.458000","2025-12-13T22:40:18.847000","68ed5acb3c768a7480fef6a0"
"Blumen","24","Echtes Johanniskraut","Hypericum perforatum","Heilpflanze mit gelben Blüten.","Gelbe Blüten, durchscheinend punktierte Blätter","Hilft bei leichten Depressionen!","Häufig","68ee1d2afb3351df40248c7c","2025-10-14T09:51:38.155000","2025-12-13T22:40:19.470000","68ed5acb3c768a7480fef6a0"
"Blumen","45","Gemeine Schafgarbe","Achillea millefolium","Heilpflanze mit weißen Dolden.","Fein gefiederte Blätter, weiße oder rosa Dolden","Achilles soll damit seine Wunden behandelt haben!","Häufig","68ee1d29e88aa96f810050f1","2025-10-14T09:51:37.863000","2025-12-13T22:40:19.981000","68ed5acb3c768a7480fef6a0"
"Blumen","25","Hundskamille","Anthemis arvensis","Ähnelt der Echten Kamille.","Gefüllter Blütenboden, weniger Duft","Keine Heilwirkung wie Echte Kamille!","Gelegentlich","68ee1d294f59c4a1f4058898","2025-10-14T09:51:37.565000","2025-12-13T22:40:20.432000","68ed5acb3c768a7480fef6a0"
"Blumen","25","Echte Kamille","Matricaria chamomilla","Heilpflanze mit weißen Blüten.","Weiße Zungenblüten, hohler Blütenboden, aromatischer Duft","Kamillentee beruhigt den Magen!","Häufig","68ee1d290ecd0eb687a4fa02","2025-10-14T09:51:37.252000","2025-12-13T22:40:20.918000","68ed5acb3c768a7480fef6a0"
"Blumen","58","Breitwegerich","Plantago major","Robuste Pflanze auf Wegen.","Breite ovale Blätter in Rosette","Überlebt sogar Tritte auf dem Weg!","Häufig","68ee1d28edc86b485f9a602b","2025-10-14T09:51:36.956000","2025-12-13T22:40:21.383000","68ed5acb3c768a7480fef6a0"
"Blumen","58","Spitzwegerich","Plantago lanceolata","Heilpflanze mit langen schmalen Blättern.","Lange schmale Blätter, Blütenähren","Hilft bei Insektenstichen!","Häufig","68ee1d2852c32a5a51352076","2025-10-14T09:51:36.678000","2025-12-13T22:40:21.896000","68ed5acb3c768a7480fef6a0"
"Blumen","27","Weißklee","Trifolium repens","Kriechender Klee mit weißen Blüten.","Kriechend, weiße Blütenköpfe","Vierblättrige Kleeblätter bringen Glück!","Häufig","68ee1d2814d5ff612a5d5040","2025-10-14T09:51:36.284000","2025-12-13T22:40:22.341000","68ed5acb3c768a7480fef6a0"
"Blumen","27","Rotklee","Trifolium pratense","Futterpflanze mit rosa Blütenköpfen.","Dreigeteilte Blätter mit hellem Fleck, rosa Köpfe","Wichtige Futterpflanze!","Häufig","68ee1d28e7beeb553af394d1","2025-10-14T09:51:36.043000","2025-12-13T22:40:22.800000","68ed5acb3c768a7480fef6a0"
"Blumen","8","Kleine Brennnessel","Urtica urens","Kleinere einjährige Brennnessel.","Kleiner als Große Brennnessel, stärker brennend","Brennt noch stärker als die Große!","Häufig","68ee1d276cede4733b3b7bef","2025-10-14T09:51:35.756000","2025-12-13T22:40:23.299000","68ed5acb3c768a7480fef6a0"
"Blumen","8","Große Brennnessel","Urtica dioica","Kraut mit brennenden Haaren.","Brennhaare, gezähnte Blätter, hängende Blütenstände","Brennnesseln sind super gesund und essbar!","Häufig","68ee1d2778c09b0a669c5dc0","2025-10-14T09:51:35.490000","2025-12-13T22:40:23.828000","68ed5acb3c768a7480fef6a0"
"Blumen","15","Gänseblümchen","Bellis perennis","Kleine weiße Wiesenblume.","Weiße Zungenblüten, gelbe Mitte, rosettenförmige Blätter","Gänseblümchen schließen nachts ihre Blüten!","Häufig","68ee1d27efcd5cfbbacf9d2f","2025-10-14T09:51:35.238000","2025-12-13T22:40:24.308000","68ed5acb3c768a7480fef6a0"
"Blumen","33","Gewöhnlicher Löwenzahn","Taraxacum officinale","Gelbe Wiesenblume mit Pusteblumen.","Gezähnte Blätter, gelbe Blüten, weiße Pusteblumen","Aus Löwenzahn kann man Gelee machen!","Häufig","68ee1d26154af56fd01d8c8e","2025-10-14T09:51:34.972000","2025-12-13T22:40:24.778000","68ed5acb3c768a7480fef6a0"
"Blumen","20","Besenheide","Calluna vulgaris","Niedriger Strauch der Heidelandschaften prägt.","Nadelförmige Blättchen, rosa Blüten","Lüneburger Heide ist nach ihr benannt!","Häufig","68ee1d26cebdb83d90036efe","2025-10-14T09:51:34.661000","2025-12-13T22:40:25.264000","68ed5acb3c768a7480fef6a0"
"Sträucher","17","Forsythie","Forsythia × intermedia","Zierstrauch mit gelben Frühjahrsblüten.","Gelbe Blüten vor den Blättern im März-April","Ein Zeichen dass der Frühling kommt!","Häufig","68ee1d2679f911781f5447ce","2025-10-14T09:51:34.417000","2025-12-13T22:40:25.785000","68ed5acb3c768a7480fef6a0"
"Sträucher","16","Rote Heckenkirsche","Lonicera xylosteum","Strauch mit paarweisen Blüten.","Gelblichweiße paarige Blüten, rote Beeren","Die Beeren sind giftig!","Häufig","68ee1d261b5ddd480eb17787","2025-10-14T09:51:34.123000","2025-12-13T22:40:26.257000","68ed5acb3c768a7480fef6a0"
"Sträucher","15","Gewöhnliche Berberitze","Berberis vulgaris","Dorniger Strauch mit sauren roten Beeren.","Dreiteilige Dornen, gelbe Blütentrauben, rote Beeren","Die Beeren sind sehr vitaminreich!","Gelegentlich","68ee1d250e7ce2128af69e34","2025-10-14T09:51:33.858000","2025-12-13T22:50:01.911000","68ed5acb3c768a7480fef6a0"
"Sträucher","14","Sanddorn","Hippophae rhamnoides","Dorniger Strauch mit orangenen vitaminreichen Beeren.","Silbrige schmale Blätter, orange Beeren","Enthält mehr Vitamin C als Zitronen!","Gelegentlich","68ee1d256790eabc33bc85b4","2025-10-14T09:51:33.590000","2025-12-13T22:40:28.253000","68ed5acb3c768a7480fef6a0"
"Sträucher","13","Deutscher Ginster","Genista germanica","Kleinerer Ginster mit Dornen.","Dornige Zweige, kleine gelbe Blüten","Steht unter Naturschutz!","Selten","68ee1d255eb00b3c1ca9ffba","2025-10-14T09:51:33.333000","2025-12-13T22:40:28.742000","68ed5acb3c768a7480fef6a0"
"Sträucher","13","Besenginster","Cytisus scoparius","Strauch mit gelben Schmetterlingsblüten.","Grüne Rutenzweige, gelbe Blüten","Wurde früher zu Besen verarbeitet!","Häufig","68ee1d2567c8a77345bf4ccc","2025-10-14T09:51:33.061000","2025-12-13T22:40:29.185000","68ed5acb3c768a7480fef6a0"
"Sträucher","12","Europäische Stechpalme","Ilex aquifolium","Immergrüner Strauch mit stacheligen Blättern.","Glänzende stachelige Blätter, rote Beeren","Traditionelle Weihnachtsdekoration!","Gelegentlich","68ee1d247e78873de5b83be9","2025-10-14T09:51:32.812000","2025-12-13T22:40:29.663000","68ed5acb3c768a7480fef6a0"
"Sträucher","11","Europäisches Pfaffenhütchen","Euonymus europaeus","Strauch mit auffälligen rosa Früchten.","Vierkantige Zweige, rosa kapselartige Früchte mit orangen Samen","Sehr giftig aber wunderschön!","Gelegentlich","68ee1d24edea5f1058fd031a","2025-10-14T09:51:32.520000","2025-12-13T22:40:30.184000","68ed5acb3c768a7480fef6a0"
"Sträucher","10","Wolliger Schneeball","Viburnum lantana","Schneeball mit filzigen Blättern.","Unterseits filzige Blätter, erst rote dann schwarze Beeren","Wächst gerne auf Kalkböden!","Gelegentlich","68ee1d2461b3641723e45e6d","2025-10-14T09:51:32.131000","2025-12-13T22:40:30.650000","68ed5acb3c768a7480fef6a0"
"Sträucher","10","Gewöhnlicher Schneeball","Viburnum opulus","Strauch mit kugelförmigen weißen Blüten.","Ahornähnliche Blätter, weiße Blütendolden, rote Beeren","Die Beeren bleiben oft den ganzen Winter hängen!","Häufig","68ee1d23e579c82ead5924d1","2025-10-14T09:51:31.853000","2025-12-13T22:40:31.149000","68ed5acb3c768a7480fef6a0"
"Sträucher","9","Gelber Hartriegel","Cornus mas","Strauch mit gelben Frühlingsblüten.","Gelbe Blüten im Februar-März, rote essbare Früchte","Blüht als einer der ersten im Jahr!","Gelegentlich","68ee1d23fcdf099afaff0f04","2025-10-14T09:51:31.594000","2025-12-13T22:40:31.658000","68ed5acb3c768a7480fef6a0"
"Sträucher","9","Roter Hartriegel","Cornus sanguinea","Strauch mit roten Zweigen im Winter.","Rote Zweige, weiße Blüten, schwarze Beeren","Die Zweige färben sich im Winter blutrot!","Häufig","68ee1d23fcdf099afaff0eff","2025-10-14T09:51:31.299000","2025-12-13T22:40:32.169000","68ed5acb3c768a7480fef6a0"
"Sträucher","8","Gemeiner Flieder","Syringa vulgaris","Strauch mit duftenden Blütenrispen.","Herzförmige Blätter, duftende lila oder weiße Rispen","Stammt ursprünglich vom Balkan!","Häufig","68ee1d22fcdf099afaff0ef9","2025-10-14T09:51:30.982000","2025-12-13T22:40:32.655000","68ed5acb3c768a7480fef6a0"
"Sträucher","7","Gewöhnlicher Liguster","Ligustrum vulgare","Halbimmergrüner Strauch für Hecken.","Gegenständige Blätter, weiße Blüten, schwarze Beeren","Sehr beliebt als Heckenpflanze!","Häufig","68ee1d22f7dca322411acdb3","2025-10-14T09:51:30.722000","2025-12-13T22:40:33.152000","68ed5acb3c768a7480fef6a0"
"Sträucher","6","Schwarzdorn","Prunus spinosa","Sehr dorniger Strauch mit blauen Früchten.","Sehr dornig, weiße Blüten vor den Blättern, blaue Früchte","Die Früchte werden erst nach Frost genießbar!","Häufig","68ee1d2233f742ccf599d292","2025-10-14T09:51:30.407000","2025-12-13T22:40:33.680000","68ed5acb3c768a7480fef6a0"
"Sträucher","5","Zweigriffeliger Weißdorn","Crataegus laevigata","Weißdorn mit zwei Griffeln.","Weniger tief gelappte Blätter, zwei Griffel","Blüht wunderschön im Mai!","Häufig","68ee1d2274df9a9fb09d57c2","2025-10-14T09:51:30.129000","2025-12-13T22:40:34.255000","68ed5acb3c768a7480fef6a0"
"Sträucher","5","Eingriffeliger Weißdorn","Crataegus monogyna","Dorniger Strauch mit weißen Blüten.","Tief gelappte Blätter, ein Griffel, rote Beeren","Wichtig für die Herzgesundheit!","Häufig","68ee1d2174df9a9fb09d57be","2025-10-14T09:51:29.869000","2025-12-13T22:40:34.812000","68ed5acb3c768a7480fef6a0"
"Sträucher","4","Weinrose","Rosa rubiginosa","Rose die nach Äpfeln duftet.","Blätter duften nach Äpfeln, rosa Blüten","Auch Apfelrose genannt!","Gelegentlich","68ee1d210b66688b284516be","2025-10-14T09:51:29.608000","2025-12-13T22:40:35.302000","68ed5acb3c768a7480fef6a0"
"Sträucher","4","Hundsrose","Rosa canina","Wilde Rose mit rosa Blüten und Hagebutten.","Rosa Blüten, gebogene Stacheln, rote Hagebutten","Hagebutten enthalten sehr viel Vitamin C!","Häufig","68ee1d21fc0550c7118ae920","2025-10-14T09:51:29.349000","2025-12-13T22:40:35.777000","68ed5acb3c768a7480fef6a0"
"Sträucher","3","Himbeere","Rubus idaeus","Strauch mit roten süßen Beeren.","Bestachelte Ranken, unterseits weiß-filzige Blätter, rote Beeren","Wilde Himbeeren sind besonders aromatisch!","Häufig","68ee1d211fdc2f7da0c9e481","2025-10-14T09:51:29.080000","2025-12-13T22:40:36.298000","68ed5acb3c768a7480fef6a0"
"Sträucher","3","Echte Brombeere","Rubus fruticosus","Stacheliger Strauch mit schwarzen Beeren.","Stachelige Ranken, zusammengesetzte Blätter, schwarze Sammelfrüchte","Es gibt über 400 Brombeerarten!","Häufig","68ee1d20f7dca322411acda7","2025-10-14T09:51:28.835000","2025-12-13T22:40:36.817000","68ed5acb3c768a7480fef6a0"
"Sträucher","2","Gemeine Hasel","Corylus avellana","Die Hasel blüht bereits früh im Jahr. Im Januar und Februar trägt sie ihre frostresistenten Blüten. Im Frühling verbreiten sich dann die Pollen, die im Spätsommer und Herbst dann zur Entwicklungder Haselnuss beitragen. ","Runde gezähnte Blätter, männliche Kätzchen, essbare Nüsse","Die Kätzchen der Hasel halten Temperaturen von -10° bis -20° aus.","Häufig","68ee1d201fdc2f7da0c9e47b","2025-10-14T09:51:28.560000","2025-12-13T22:40:37.326000","68ed5acb3c768a7480fef6a0"
"Sträucher","1","Trauben-Holunder","Sambucus racemosa","Strauch mit roten Beeren.","Gelbe Blüten, rote Beeren","Wächst oft in Bergwäldern!","Gelegentlich","68ee1d207e78873de5b83bbf","2025-10-14T09:51:28.299000","2025-12-13T22:40:37.779000","68ed5acb3c768a7480fef6a0"
"Sträucher","1","Schwarzer Holunder","Sambucus nigra","Strauch mit weißen Blütendolden und schwarzen Beeren.","Gefiederte Blätter, weiße Dolden, schwarze Beeren","Aus Holunderblüten macht man leckeren Sirup!","Häufig","68ee1d20fb3351df40248c6f","2025-10-14T09:51:28.040000","2025-12-13T22:40:38.336000","68ed5acb3c768a7480fef6a0"
"Bäume","25","Ahornblättrige Platane","Platanus × hispanica","Großer Stadtbaum mit abblätternder Rinde.","Fleckige abblätternde Rinde, ahornähnliche Blätter","Kann Luftverschmutzung gut vertragen!","Gelegentlich","68ee1d1f568a361f400918a1","2025-10-14T09:51:27.791000","2025-12-13T22:40:38.857000","68ed5acb3c768a7480fef6a0"
"Bäume","24","Scheinakazie","Robinia pseudoacacia","Baum mit gefiederten Blättern und duftenden weißen Blüten.","Gefiederte Blätter, Dornen an Zweigen, weiße Blütentrauben","Stammt aus Nordamerika!","Häufig","68ee1d1fa6107d334ec72200","2025-10-14T09:51:27.507000","2025-12-13T22:40:39.441000","68ed5acb3c768a7480fef6a0"
"Bäume","23","Europäische Eibe","Taxus baccata","Immergrüner Nadelbaum mit roten Früchten.","Flache weiche Nadeln, rote becherförmige Früchte","Extrem giftig, aber der rote Samenmantel ist essbar!","Selten","68ee1d1f9cd896f65af561a3","2025-10-14T09:51:27.242000","2025-12-13T22:40:39.979000","68ed5acb3c768a7480fef6a0"
"Bäume","22","Gemeiner Wacholder","Juniperus communis","Nadelgehölz mit blauen Beerenzapfen.","Nadelblätter in Dreiergruppen, blaue Beeren","Die Beeren würzen Gin!","Gelegentlich","68ee1d1e0e7ce2128af69e0a","2025-10-14T09:51:26.992000","2025-12-13T22:40:40.502000","68ed5acb3c768a7480fef6a0"
"Bäume","21","Gewöhnliche Douglasie","Pseudotsuga menziesii","Nordamerikanischer Nadelbaum.","Zapfen mit herausragenden Deckschuppen","Wächst extrem schnell!","Gelegentlich","68ee1d1e668ab9152b6453dc","2025-10-14T09:51:26.727000","2025-12-13T22:40:40.994000","68ed5acb3c768a7480fef6a0"
"Bäume","20","Europäische Lärche","Larix decidua","Nadelbaum der im Winter seine Nadeln verliert.","Weiche Nadelbüschel, im Herbst gold-gelbe Färbung","Der einzige heimische Nadelbaum der seine Nadeln verliert!","Gelegentlich","68ee1d1e8abe3820665849f3","2025-10-14T09:51:26.473000","2025-12-13T22:40:41.453000","68ed5acb3c768a7480fef6a0"
"Bäume","19","Hainbuche","Carpinus betulus","Laubbaum mit geriffeltem Stamm.","Geriffelter grauer Stamm, gezähnte Blätter","Ist keine echte Buche, sondern verwandt mit Birken!","Häufig","68ee1d1e52c32a5a51352014","2025-10-14T09:51:26.218000","2025-12-13T22:40:41.932000","68ed5acb3c768a7480fef6a0"
"Bäume","18","Holzbirne","Pyrus pyraster","Wildbirne mit kleinen harten Früchten.","Kleine harte Birnen, glänzende Blätter","Wurde früher für Werkzeugstiele verwendet!","Selten","68ee1d1d12439ef2b6d506c8","2025-10-14T09:51:25.923000","2025-12-13T22:40:42.515000","68ed5acb3c768a7480fef6a0"
"Bäume","17","Holzapfel","Malus sylvestris","Wildapfel mit kleinen sauren Früchten.","Kleine grüne Äpfel, oft dornige Zweige","Urform unserer Kulturäpfel!","Selten","68ee1d1db7ad68cb95204142","2025-10-14T09:51:25.610000","2025-12-13T22:40:43.007000","68ed5acb3c768a7480fef6a0"
"Bäume","16","Traubenkirsche","Prunus padus","Strauch mit duftenden weißen Blütentrauben.","Lange hängende Blütentrauben, bittere schwarze Beeren","Duftet wunderbar im Frühling!","Gelegentlich","68ee1d1dfcdf099afaff0ec4","2025-10-14T09:51:25.332000","2025-12-13T22:40:43.471000","68ed5acb3c768a7480fef6a0"
"Bäume","16","Vogelkirsche","Prunus avium","Wildkirsche mit weißen Blüten und kleinen Früchten.","Weiße Blüten, kleine schwarzrote Kirschen","Aus ihr wurden unsere Süßkirschen gezüchtet!","Häufig","68ee1d1df25e690e6d4fb7a7","2025-10-14T09:51:25.047000","2025-12-13T22:40:43.931000","68ed5acb3c768a7480fef6a0"
"Bäume","15","Vogelbeere","Sorbus aucuparia","Baum mit gefiederten Blättern und roten Beeren.","Gefiederte Blätter, orange-rote Beeren","Die Beeren sind roh ungenießbar, gekocht aber essbar!","Häufig","68ee1d1c5eb00b3c1ca9ff8b","2025-10-14T09:51:24.779000","2025-12-13T22:40:44.448000","68ed5acb3c768a7480fef6a0"
"Bäume","14","Salweide","Salix caprea","Strauch mit weichen Kätzchen im Frühjahr.","Weiche gelbe Kätzchen, rundliche Blätter","Wichtige Nahrung für Bienen im Frühjahr!","Häufig","68ee1d1c78c09b0a669c5d3d","2025-10-14T09:51:24.501000","2025-12-13T22:40:44.964000","68ed5acb3c768a7480fef6a0"
"Bäume","14","Trauerweide","Salix babylonica","Baum mit hängenden Zweigen.","Stark hängende Zweige, schmale Blätter","Wächst oft an Teichen!","Gelegentlich","68ee1d1ce5199a5a3a76b8da","2025-10-14T09:51:24.236000","2025-12-13T22:40:45.428000","68ed5acb3c768a7480fef6a0"
"Bäume","14","Silberweide","Salix alba","Baum mit silbrig schimmernden Blättern.","Silbrige Blattunterseite, schmale Blätter","Aus Weidenrinde wurde früher Aspirin gewonnen!","Häufig","68ee1d1b78c09b0a669c5d36","2025-10-14T09:51:23.968000","2025-12-13T22:40:45.930000","68ed5acb3c768a7480fef6a0"
"Bäume","13","Schwarzpappel","Populus nigra","Großer Baum mit dreieckigen Blättern.","Dreieckige Blätter, dunkle rissige Rinde","Kann über 30 Meter hoch werden!","Gelegentlich","68ee1d1b0b66688b284516b0","2025-10-14T09:51:23.695000","2025-12-13T22:40:46.392000","68ed5acb3c768a7480fef6a0"
"Bäume","13","Zitterpappel","Populus tremula","Baum dessen Blätter schon bei leichtem Wind zittern.","Runde zitternde Blätter, glatte Rinde","Die Blätter zittern wegen ihrer besonderen Blattstiele!","Häufig","68ee1d1bedc86b485f9a5fc2","2025-10-14T09:51:23.444000","2025-12-13T22:40:46.899000","68ed5acb3c768a7480fef6a0"
"Bäume","12","Gemeine Esche","Fraxinus excelsior","Hoher Laubbaum mit gefiederten Blättern.","Gefiederte Blätter, schwarze Knospen","Eschenholz ist sehr elastisch!","Häufig","68ee1d1b12439ef2b6d506ae","2025-10-14T09:51:23.165000","2025-12-13T22:40:47.379000","68ed5acb3c768a7480fef6a0"
"Bäume","11","Feldulme","Ulmus minor","Mittelgroßer Baum mit kleinen Blättern.","Kleinere Blätter als Bergulme, gefurchte Rinde","War früher sehr häufig!","Selten","68ee1d1a8abe3820665849de","2025-10-14T09:51:22.896000","2025-12-13T22:40:47.926000","68ed5acb3c768a7480fef6a0"
"Bäume","11","Bergulme","Ulmus glabra","Großer Laubbaum mit asymmetrischen Blättern.","Asymmetrische Blattbasis, raue Oberseite","Ulmen sind durch das Ulmensterben bedroht!","Selten","68ee1d1a18b66c57ffb98d9f","2025-10-14T09:51:22.627000","2025-12-13T22:40:48.435000","68ed5acb3c768a7480fef6a0"
"Bäume","10","Grauerle","Alnus incana","Kleinere Erle mit grauen Zweigen.","Graue Rinde, spitze Blätter","Wächst an Flussufern und Gebirgsbächen!","Gelegentlich","68ee1d1a9edd98bedb8f634c","2025-10-14T09:51:22.286000","2025-12-13T22:40:48.981000","68ed5acb3c768a7480fef6a0"
"Bäume","10","Schwarzerle","Alnus glutinosa","Baum der an Gewässern wächst mit kleinen Zapfen. Schützt Ufer vor Erosion.","Klebrige junge Blätter, kleine Zapfen","Erlenholz wird unter Wasser nicht morsch!","Häufig","68ee1d1a3bb41f3bc3ff2626","2025-10-14T09:51:22.025000","2025-12-13T22:40:49.506000","68ed5acb3c768a7480fef6a0"
"Bäume","9","Weißtanne","Abies alba","Nadelbaum mit aufrecht stehenden Zapfen.","Nadeln mit weißen Streifen unten, aufrechte Zapfen","Tannen können über 500 Jahre alt werden!","Gelegentlich","68ee1d194f59c4a1f4058835","2025-10-14T09:51:21.765000","2025-12-13T22:40:50.066000","68ed5acb3c768a7480fef6a0"
"Bäume","8","Gemeine Fichte","Picea abies","Der klassische Weihnachtsbaum mit hängenden Zapfen.","Einzeln stehende Nadeln, hängende Zapfen","Die Fichte ist der häufigste Nadelbaum in Deutschland!","Häufig","68ee1d19166f6003692d27fe","2025-10-14T09:51:21.453000","2025-12-13T22:40:50.517000","68ed5acb3c768a7480fef6a0"
"Bäume","7","Schwarzkiefer","Pinus nigra","Kiefer mit dunklerer Rinde und steiferen Nadeln.","Dunkelgraue bis schwarze Rinde, steife dunkelgrüne Nadeln","Sehr trockenheitsresistent!","Gelegentlich","68ee1d197e78873de5b83b8c","2025-10-14T09:51:21.172000","2025-12-13T22:40:51.032000","68ed5acb3c768a7480fef6a0"
"Bäume","7","Waldkiefer","Pinus sylvestris","Nadelbaum mit rotbrauner Rinde und langen Nadeln.","Paarweise Nadeln, rotbraune Rinde im oberen Bereich","Kiefern können über 600 Jahre alt werden!","Häufig","68ee1d1852733a580d9fd83a","2025-10-14T09:51:20.905000","2025-12-13T22:40:51.506000","68ed5acb3c768a7480fef6a0"
"Bäume","6","Rosskastanie","Aesculus hippocastanum","Baum mit gefingerten Blättern und stacheligen Früchten.","5-7 gefingerte Blätter, weiße Blütenkerzen, stachelige Früchte","Kinder spielen damit Kastanien-Wettbewerbe!","Häufig","68ee1d18f98bf9a4be434b3e","2025-10-14T09:51:20.639000","2025-12-13T22:40:52.007000","68ed5acb3c768a7480fef6a0"
"Bäume","5","Sommerlinde","Tilia platyphyllos","Größere Linde mit größeren Blättern.","Größere Blätter als Winterlinde, weiße Haarbüschel","Sommerlinden werden bis zu 1000 Jahre alt!","Häufig","68ee1d181e4fb2bfd6926333","2025-10-14T09:51:20.387000","2025-12-13T22:40:52.477000","68ed5acb3c768a7480fef6a0"
"Bäume","5","Winterlinde","Tilia cordata","Laubbaum mit herzförmigen Blättern und duftenden Blüten.","Kleine herzförmige Blätter, rostbraune Haarbüschel in Blattachseln","Lindenblütentee hilft bei Erkältungen!","Häufig","68ee1d18f00a1395c58d3d0f","2025-10-14T09:51:20.137000","2025-12-13T22:40:52.923000","68ed5acb3c768a7480fef6a0"
"Bäume","4","Feldahorn","Acer campestre","Kleinerer Ahorn mit korkigen Zweigen.","Kleine Blätter mit stumpfen Lappen, korkige Rinde","Wird oft als Hecke gepflanzt!","Gelegentlich","68ee1d1745b4943675228bd6","2025-10-14T09:51:19.887000","2025-12-13T22:40:53.465000","68ed5acb3c768a7480fef6a0"
"Bäume","4","Spitzahorn","Acer platanoides","Der Spitzahorn hat spitz zulaufende Blattlappen.","Spitze Blattlappen, gelbe Herbstfärbung","Der Spitzahorn blüht schon im zeitigen Frühjahr!","Häufig","68ee1d17668ab9152b6453a4","2025-10-14T09:51:19.627000","2025-12-13T22:40:53.953000","68ed5acb3c768a7480fef6a0"
"Bäume","4","Bergahorn","Acer pseudoplatanus","Der Bergahorn ist ein großer Baum mit fünflappigen Blättern.","Große fünflappige Blätter, geflügelte Früchte","Aus Bergahorn werden Violinen gebaut!","Häufig","68ee1d1752c32a5a51351fb8","2025-10-14T09:51:19.333000","2025-12-13T22:40:54.665000","68ed5acb3c768a7480fef6a0"
"Bäume","3","Moorbirke","Betula pubescens","Die Moorbirke wächst auf feuchten Böden und hat behaarte Zweige.","Weiße Rinde ohne Rauten, behaarte Zweige, rundliche Blätter","Moorbirken können auf sehr nassen Böden wachsen!","Gelegentlich","68ee1d1745b4943675228bcf","2025-10-14T09:51:19.080000","2025-12-13T22:40:55.110000","68ed5acb3c768a7480fef6a0"
"Bäume","3","Sandbirke","Betula pendula","Die Sandbirke hat eine charakteristische weiße Rinde und hängende Zweige.","Weiße Rinde mit schwarzen Rauten, dreieckige gezähnte Blätter","Die weiße Rinde schützt vor Sonnenbrand!","Häufig","68ee1d16c017794d9b9a857f","2025-10-14T09:51:18.832000","2025-12-13T22:40:55.562000","68ed5acb3c768a7480fef6a0"
"Bäume","2","Rotbuche","Fagus sylvatica","Die Rotbuche ist der häufigste Laubbaum in deutschen Wäldern mit glatter grauer Rinde.","Glatte graue Rinde, eiförmige Blätter mit welligem Rand","Bucheckern waren früher ein wichtiges Nahrungsmittel!","Häufig","68ee1d167e78873de5b83b73","2025-10-14T09:51:18.574000","2025-12-13T22:40:56.048000","68ed5acb3c768a7480fef6a0"
"Bäume","1","Roteiche","Quercus rubra","Nordamerikanische Eiche mit roter Herbstfärbung.","Spitz gezähnte Blätter, rote Herbstfärbung","Die Roteiche wächst sehr schnell!","Selten","68ee1d1652c32a5a51351fad","2025-10-14T09:51:18.301000","2025-12-13T22:40:56.562000","68ed5acb3c768a7480fef6a0"
"Bäume","1","Traubeneiche","Quercus petraea","Die Traubeneiche ähnelt der Stieleiche, ihre Eicheln sitzen aber in Büscheln direkt am Zweig.","Kurze oder keine Blattstiele, Eicheln in traubenförmigen Büscheln","Traubeneichen können bis zu 40 Meter hoch werden!","Gelegentlich","68ee1d16568a361f40091848","2025-10-14T09:51:18.030000","2025-12-13T22:40:57.195000","68ed5acb3c768a7480fef6a0"
"Bäume","1","Stieleiche","Quercus robur","Die Stieleiche ist ein mächtiger Laubbaum mit tief gelappten Blättern. Ihre Eicheln sitzen an langen Stielen.","Lange Blattstiele, kurze Fruchtstiele mit gestielten Eicheln","Eine Stieleiche kann über 1000 Jahre alt werden!","Häufig","68ee1d15166f6003692d27e2","2025-10-14T09:51:17.764000","2025-12-13T22:40:57.668000","68ed5acb3c768a7480fef6a0"
